part_no,ps_no,building,pincode,polling_area,voter_type
1,1,"Chennai High School,West Facing Room no.1 West Coovam River Road, Chintadripet, Chennai-600002.",600002,1.Chintadripet New Ward No.62 West coovam River Road (cox colony),All Voters
1,2,"3 4 5 206 206 ""Corporation Technical Institute East Facing/Old Building Room no.4 Lloyds Estate, Royapettah, Chennai-600014",600014,"1 Royapettah New Ward No.119 Mavadi Vinayagar Koil Street, Door No 11 to 78 All Voters 207 207 ""Junior Engineers Office East Facing/ Rom no.1 Old Building(C.M.W.S&S.B Depot), No. 5, Muthiyah Street, Royapettah, Chennai-14"" 1 Royapettah New Ward No.120 Peria Malaiyappan Street, 2 Royapettah New Ward No.120 Muthiah Garden Street, Door No 1to 25 All Voters 208 208 ""Junior Engineers Office East Facing/ Room no.2 Old Building(C.M.W.S&S.B Depot), No. 5, Muthiyah Street, Royapettah, Chennai-14"" 1 ""Royapettah New Ward No.120 Muthiah Street Door 11 to 79,"" 2 Royapettah New Ward No.120 Muthaiya 2nd Street, Door No 10 to 78 3 Overseas All Voters 209 209 ""Corporation Technical Institute East Facing/Old Building Room no.7 Lloyds Estate, Royapettah, Chennai-600014"" 1 Royapettah New Ward No.120 TNHB 15Muthaiah Street(lloydsColony)A toU Blocks 2 Royapettah New Ward No.120 R.G. Block T.N.H.B 15 Muthaiah Street (Lloyds Colony) 3 Royapettah New Ward No.120 Muthiah 1st Street, 4 Royapettah New Ward No.120 Muthaiya 2nd Street, Door No 1 to 9 5 Overseas All Voters List of Polling Stations for 19 Chepauk-Thiruvallikeni (GEN) Assembly Segment within the 4 Chennai Central (GEN) Parliamentary Constituency Part No PS NO Location and name of building in which Polling Station located Polling Area Polling Station Type 210 210 ""Corporation Technical Institute East Facing/Old Building Room no.8 Lloyds Estate, Royapettah, Chennai-600014"" 1 Royapettah New Ward No.120 R.A Block T.N.H.B. 15 Muthaiah Street (Lloyds colony) 2 Royapettah New Ward No.120 R.B. Block T.N.H.B. 15 Muthaiah Street (Lloyds colony) 3 Royapettah New Ward No.120 R.C. Block T.N.H.B. 15 Muthaiah Street (Lloyds Colony) 4 Royapettah New Ward No.120 R.D. Block T.N.H.B. 15 Muthiah Street (Lloyds Colony) 5 Royapettah New Ward No.120 R.L. Block T.N.H.B. 15 Muthaiah Street (Lloyds Colony) 6 Royapettah New Ward No.120 R.M.Block T.N.H.B. 15 Muthaiah Street (Lloyds Colony) 7 Royapettah New Ward No.120 R.N. Block T.N.H.B. 15 Muthaiah Street (Lloyds Colony) 8 Royapettah New Ward No.120 R.O Block T.N.H.B. 15 Muthaiah Street (Lloyds Colony) 9 Royapettah New Ward No.120 R.P. Block T.N.H.B 15 Muthaiah Street (Lloyds Colony) 10 Royapettah New Ward No.120 L.A .Block T.N.H.B 15 Muthaiah Street (Lloyds Colony) 11 11.Royapettah New Ward No.120 L.B.Block T.N.H.B. 15 Muthaiah Street (Lloyds Colony), 12 Royapettah New Ward No.120 L.C.Block T.N.H.B. 15 Muthaiah Street (Lloyds Colony) 13 Royapettah New Ward No.120 L.D. Block T.N.H.B.15 Muthaiah Street (Lloyds Colony) 14 Royapettah New Ward No.120 L.E.Block T.N.H.B. 15 Muthaiah Street (Lloyds Colony) 15 Royapettah New Ward No.120 L.F.Block T.N.H.B. 15 Muthaiah Street (Lloyds Colony) 16 Royapettah New Ward No.120 L.G.Block T.N.H.B. 15 Muthaiah Street (Lloyds Colony) 17 Royapettah New Ward No.120 L.H.Block T.N.H.B. 15 Muthaiah Street (Lloyds Colony) 18 Royapettah New Ward No.120 L.I.Block T.N.H.B. 15 Muthaiah Street (Lloyds Colony) 19 Royapettah New Ward No.120 L.J. Block T.N.H.B. 15 Muthaiah Street (Lloyds Colony) 20 Royapettah New Ward No.120 LK. Block T.N.H.B. 15 Muthaiah Street (Lloyds Colony) 21 Royapettah New Ward No.120 L.L.Block T.N.H.B. 15 Muthaiah Street (Lloyds Colony) 22 Royapettah New Ward No.120 L.M.Block T.N.H.B 15 Muthaiah Street (loyds Colony) 23 Royapettah New Ward No.120 L.N.Block T.N.H.B. 15 Muthaiah Street (Lloyds Colony) 24 Royapettah New Ward No.120 L.O.Block T.N.H.B 15 Muthaiah Street (Lloyds colony) 25 Royapettah New Ward No.120 L.P.Block T.N.H.B 15 Muthaiah Street (Lloyds Colony) All Voters List of Polling Stations for 19 Chepauk-Thiruvallikeni (GEN) Assembly Segment within the 4 Chennai Central (GEN) Parliamentary Constituency Part No PS NO Location and name of building in which Polling Station located Polling Area Polling Station Type 211 211 Gill Adarsh Matriculation Higher sec School South Facing/ Room no.1 Old Building No. 46, Venkatachalam Street, Royapettah, Chennai - 14"" 1 Royapettah New Ward No.119 Saivamuthiah 6th Street, All Voters 212 212 Gill Adarsh Matriculation Higher sec School South Facing/ Room no.2 Old Building No. 46, Venkatachalam Street, Royapettah, Chennai - 14"" 1 Royapettah New Ward No.119 Saivamuthiah 5th Street, All Voters 213 213 Gill Adarsh Matriculation Higher sec School South Facing/ Room no.3 Old Building No. 46, Venkatachalam Street, Royapettah, Chennai - 14"" 1 Royapettah New Ward No.119 P& T Quarters Jagajeevanram Nagar (A Block to K Block), 2 Royapettah New Ward No.119 Saivamuthiah 1st Street, All Voters 214 214 ""Gill Adarsh Matriculation Higher sec School South Facing/ Room no.4 Old Building No. 46, Venkatachalam Street, Royapettah, Chennai - 14"" 1 Royapettah New Ward No.119 Saivamuthiah 2nd Street, 2 Royapettah New Ward No.119 Saivamuthiah 4th Street 3 Royapettah New Ward No.119 Saivamuthiah 3rd Street, 4 Royapettah New Ward No.119 Pertho Street (Vengadachalam First Street) All Voters 215 215 ""Chennai Girls High School No.7, Erusappa Street, East Facing Room no.1 triplicane, Chennai-5 "" 1 Royapettah New Ward No.120 Murugappa Street 2 Royapettah New Ward No.120 Ram Nagar 3rd Lane 3 Overseas All Voters 216 216 ""Chennai Girls High School No.7, Erusappa Street, East Facing Room no.1 triplicane, Chennai-5 "" 1 Royapettah New Ward No.120 Irusappa Street All Voters 217 217 ""Chennai Girls High School No.7, Erusappa Street, East Facing Room no.1 triplicane, Chennai-5 "" 1 Royapettah New Ward No.120 Dr. Natesan Road (Door No. 1 to 69) All Voters 218 218 ""Chennai Girls High School No.7, Erusappa Street, East Facing Room no.1 triplicane, Chennai-5 "" 1 Royapettah New Ward No.120 C.T.S Anmani Apartment (Irusappa Street) 2 Royapettah New Ward No.120 Akshaya Flats (Irusappa Street) 3 Royapettah New Ward No.120 Dr. Natesan Road (Door No. 71 to 133) All Voters 219 219 ""Chennai Girls High School No.7, Erusappa Street, East Facing Room no.1 triplicane, Chennai-5 "" 1 Royapettah New Ward No.120 Dr.Natesan Road (door no. 2 to 318) All Voters 220 220 ""Chennai Girls High School No.7, Erusappa Street, East Facing Room no.1 triplicane, Chennai-5 "" 1 Royapettah New Ward No.120 Dr.Natesan Road (door no. 151 to 318) All Voters List of Polling Stations for 19 Chepauk-Thiruvallikeni (GEN) Assembly Segment within the 4 Chennai Central (GEN) Parliamentary Constituency Part No PS NO Location and name of building in which Polling Station located Polling Area Polling Station Type 221 221 ""Chennai Middle School, East Facing/Old Building Room no 1. No. 6, Besant School Road Krishnampet, Ram Nagar, Chennai-5"" 1 Royapettah New Ward No.120 Nammalvar Street 2 Royapettah New Ward No.120 Gajapathi Garden (Munusamy Nagar) 3 Royapettah New Ward No.120 Canal Bank Street All Voters 222 222 ""Chennai Middle School, East Facing/Old Building Room no.2 No. 6, Besant School Road Krishnampet, Ram Nagar, Chennai-5"" 1 Royapettah New Ward No.120 Venkatrangam Street (door no. 161 to 217 & 150 to 190) 2 Royapettah New Ward No.120 Venkatrangam Street Huts Area Door No 1 to 13 & 65 to 98 All Voters 223 223 Chennai Middle School, North Facing/Old Building Room no.3 No. 6, Besant School Road Krishnampet, Ram Nagar, Chennai-5"" 1 Royapettah New Ward No.120 gajapathy street All Voters 224 224 Chennai Middle School, North Facing/Old Building Room no.4 No. 6, Besant School Road Krishnampet, Ram Nagar, Chennai-5"" 1 Royapettah New Ward No.120 gajapathy garden (rajaji nagar) All Voters 225 225 ""Chennai Middle School, North Facing/Old Building Room no.5 No. 6, Besant School Road Krishnampet, Ram Nagar, Chennai-5"" 1 Royapettah New Ward No.120 Sunnambu Kalvai Street 2 Royapettah New Ward No.120 Gajapathy Lane All Voters 226 226 Chennai Middle School, North Facing/ Room no.6 Old Building No. 6, Besant School Road Krishnampet, Ram Nagar, Chennai-5"" 1 Royapettah New Ward No.120 Ram Nagar 1st Lane 2 Royapettah New Ward No.120 Ram Nagar 2nd Lane All Voters 227 227 Chennai Middle School, West Facing Room no.7 Old Building No. 6, Besant School Road Krishnampet, Ram Nagar, Chennai-5"" 1 Royapettah New Ward No.120 Ram Nagar 4th Lane 2 Royapettah New Ward No.120 Ram Nagar 6th Lane 3 Royapettah New Ward No.120 Ram Nagar Main Road All Voters 228 228 ""Chennai Middle School, West Facing Room no.8 Old Building No. 6, Besant School Road Krishnampet, Ram Nagar, Chennai-5"" 1 Royapettah New Ward No.120 Ram Nagar 5th Lane 2 Royapettah New Ward No.120 Ram Nagar 7th Lane All Voters List of Polling Stations for 19 Chepauk-Thiruvallikeni (GEN) Assembly Segment within the 4 Chennai Central (GEN) Parliamentary Constituency Part No PS NO Location and name of building in which Polling Station located Polling Area Polling Station Type 229 229 ""Chennai Middle School, South Facing Left Side/ Room no. 9 Old Building No. 6, Besant School Road Krishnampet, Ram Nagar, Chennai-5"" 1 Royapettah New Ward No.120 Kandappan Street 2 Royapettah New Ward No.120 Ram Nagar 8th Lane All Voters 230 230 ""Chennai Middle School,South Facing Left Side/ Room no.10 Old Building No. 6, Besant School Road Krishnampet, Ram Nagar, Chennai-5"" 1 Royapettah New Ward No.120 Dr.Natesan Road 1st lane (hamilton bridge 1st lane) All Voters 231 231 Government Model Higher Sec School North Facing Left Side/Old Building (Room No 1) Kamarajar Salai Triplicane, Chennai-600005 1 Royapettah New Ward No.120 Neelambasha Darga ( 1 to 60 ) All Voters 232 232 Government Model Higher Sec School North Facing Left Side/Old Building (Room No 2) Kamarajar Salai Triplicane, Chennai-600005 1 Royapettah New Ward No.120 Neelambasha Darga ( 61 to 481 ) All Voters 233 233 Government Model Higher Sec School South Facing Left Side/Old Building (Room No 3) Kamarajar Salai Triplicane, Chennai-600005 1 Royapettah New Ward No.120 Neelambasha Darga Huts Area 2 Royapettah New Ward No.120 Nadukuppam 1st Street 3 Royapettah New Ward No.120 Nadukuppam 2nd Street 4 Royapettah New Ward No.120 Nadukuppam 4th Street, All Voters 234 234 Government Model Higher Sec School South Facing Left Side/Old Building (Room No 4) Kamarajar Salai Triplicane, Chennai-600005 1 Royapettah New Ward No.120 Nadukkuppam 6th Street & Near Huts Area, 2 Royapettah New Ward No.120 Nadukkuppam 7th Street & Near Huts Area 3 Royapettah New Ward No.120 Nadukkuppam 5th Street 4 Royapettah New Ward No.120 Nadukkuppam 8th Street & Near Huts Area 5 Royapettah New Ward No.120 Nadukkuppam 3rd Street All Voters 235 235 Government Model Higher Sec School South Facing Left Side/Old Building (Room No 5 Kamarajar Salai Triplicane, Chennai-600005 1 Royapettah New Ward No.120 Venkatrangam Street Huts Area Door No 14 to 64 2 Royapettah New Ward No.120 Hanumanthapuram",All Voters
2,2,"Chennai High School,West Facing Room no.2 West Coovam River Road, Chintadripet, Chennai-600002.",600002,1 .Chintadripet New Ward No.62 West Coovum River Road (Cox Square) 1 to 48 2. Chintadripet New Ward No.62 Balakrishnan Street 3. Chintadripet New Ward No.62 Balakrishnan 1st Lane 4. Chintadripet New Ward No.62 Bazzar street,All Voters
3,3,"Chennai High School,West Facing Room no.3 West Coovam River Road, Chintadripet, Chennai-600002.",600002,1 Chintadripet New Ward No.62 Mukkiamman Koil 1st Lane & 2nd Lane 2 Chintadripet New Ward No.62 Mukkiamman Koil Street 3 Chintadripet New Ward No.62 Mukkiamman Koil Street Huts 4 Chintadripet New Ward No.62 Lazaras Church Street,All Voters
4,4,"Chennai High School,West Facing Room no4 West Coovam River Road, Chintadripet, Chennai-600002.",600002,"1 Chintadripet New Ward No.62 Padavattamman Koil West Street, 2 Chintadripet New Ward No.62 Padavattamman Koil Street North Street 3 Chintadripet New Ward No.62 Padavattamman Koil South Street 4 Chintadripet New Ward No.62 Padavattamman Koil 1st Lane 5 Chintadripet New Ward No.62 Padavattamman Koil Street 6 Chintadripet New Ward No.62 Padavattamman Koil Street (Huts)",All Voters
5,5,"Chennai High School,West Facing Room no.5 West Coovam River Road, Chintadripet, Chennai-600002.",600002,"1 Chintadripet New Ward No.62 Koilure Amman Koil Street, 2 Chintadripet New Ward No.62 Koilure Amman Koil South Street 3 Chintadripet New Ward No.62 Koilure Amman Koil 1st Lane 4 Chintadripet New Ward No.62 Rex street",All Voters
6,6,"Alamelu Mangai Thayarammal Mondisori School West Facing Room no.1 Lebend Street, Chennai-600002.",600002,"1 Chintadripet New Ward No.62 Cox street (1 to 19), 2 Chintadripet New Ward No.62 Balakrishnan Pudu Street & Huts 3 Chintadripet New Ward No.62 Kovur Vaithianathan Street",All Voters
7,7,"Chintadripet Higher Sec School, South Facing Room No.1 East Coovam River Road,Adikesavapuram, Chennai-600002..",600002,1 Chintadripet New Ward No.62 Navalar Nedunchezhian Nagar New Housing Board A to F Block,All Voters
8,8,"Chintadripet Higher Sec School, West Facing Room No.2 East Coovam River Road,Adikesavapuram, Chennai-600002.",600002,1 Chintadripet New Ward No.62 Navalar Nedunchezhian nagar Adikesavapuram 2 Chintadripet New Ward No.62 Navalar Nedunchezhian nagar old Housing Board A to D block,All Voters
9,9,"Chintadripet Higher Sec School, West Facing Room No.3 East Coovam River Road,Adikesavapuram, Chennai-600002.",600002,1 Chintadripet New Ward No.62 Laffon Street 2 Chintadripet New Ward No.62 Navalar Nedunchezhian Nagar (Roof House),All Voters
10,10,"Chintadripet Higher Sec School, West FacingRoom No.4 East Coovam River Road,Adikesavapuram, Chennai-600002.",600002,1 Chintadripet New Ward No.62 East Coovam River Road 2 Chintadripet New Ward No.62 East Coovam River Road (Roof House) 3 Chintadripet New Ward No 62 Amma Nagar 4 Chintadripet New Ward No.62 Singanna Street 2nd Lane 5 Chintadripet New Ward No.62 Singanna Street 3rd Lane All Voters List of Polling Stations for 19 Chepauk-Thiruvallikeni (GEN) Assembly Segment within the 4 Chennai Central (GEN) Parliamentary Constituency Part No PS NO Location and name of building in which Polling Station located Polling Area Polling Station Type,
11,11,"Chintadripet Higher Sec School, West Facing Room No.5 East Coovam River Road,Adikesavapuram, Chennai-600002.",600002,1 Chintadripet New Ward No.62 Singanna street 1 to 39 & 2 to 78 2 Chintadripet New Ward No.62 Palani Andavar Koil Street 3 Chintadripet New Ward No.62 Singanna 1st Lane 4 999-Oversease Elector,All Voters
12,12,"Chintadripet Higher Sec School,South Facuing Room No.6 East Coovam River Road,Adikesavapuram, Chennai-600002.",600002,1 Chintadripet New Ward No.62 pumping station street roof housing near water supply 2 Chintadripet New Ward No.62 Pumping Station Street Roof House Near New Toilet Room,All Voters
13,13,"Dhanakodhi Middle School,East Facing Room no 1 Lepond Street, Adikesavapuram, Chennai-2. 1 Chintadripet New Ward No.62 Venkatesan Street 2 Chintadripet New Ward No.62 East Coovam River Road (Huts) 3 999-Oversease Elector",,,All Voters
14,14,"Dhanakodhi Middle School,East Facing Room no 2 Lepond Street, Adikesavapuram, Chennai-2 1 Chintadripet New Ward No.62 Ayya Street 1 to 87 & 2 to 106",,,All Voters
15,15,"Kalyanam Girls Higher Sec School South Facing Room no 1. Lepond Street, Chennai-600002.",600002,1 Chintadripet New Ward No.62 Saminaicken Street 1 to 91 & 2 to 80,All Voters
16,16,"Kalyanam Girls Higher Sec School South Facing Room No.2 Lepond Street, Chennai-600002.",600002,1 Chintadripet New Ward No.62 kalavai street 1 to 61 & 2 to 48 61 & 2 to 48 2 Chintadripet New Ward No.62 Agraharam Street 3 999-Oversease Elector,All Voters
17,17,"Kalyanam Girls Higher Sec School South Facing Room No.3 Lepond Street, Chennai-600002.",600002,1 Chintadripet New Ward No.62 Mangapathy Street 2 Chintadripet New Ward No.62 Ulagappa street 1 to 7 & 2 to 32,All Voters
18,18,"Chennai High School,West Facing Room no.6 West Coovam River Road, Chintadripet, Chennai-600002.",600002,1 Chintadripet New Ward No.62 Vedagiri street 2 999-Oversease Elector,All Voters
19,19,"Chennai High School,West Facing Room no.7 West Coovam River Road, Chintadripet, Chennai-600002.",600002,1 Chintadripet New Ward No.62 Arunachalam Street,All Voters
20,20,"Chennai High School,West Facing Room no.8 West Coovam River Road, Chintadripet, Chennai-600002.",600002,1 Chintadripet New Ward No.62 Swami street (swami pandaram street) 2 Chintadripet New Ward No.62 Ulagappa Street 1 to 40,All Voters
21,21,"R.B.C.C Middle School, West Facing Room no 1 Ayya Street,Chintadripet Chennai-600002.",600002,1 Chintadripet New Ward No.62 New Bungalow Street 2 Chintadripet New Ward No.62 Palli Street,All Voters
22,22,"R.B.C.C Middle School, West Facing Room no 2 Ayya Street,Chintadripet Chennai-600002.",600002,1 Chintadripet New Ward No.62 Swami Naicken street 82 to 213 2 999-Oversease Elector All Voters List of Polling Stations for 19 Chepauk-Thiruvallikeni (GEN) Assembly Segment within the 4 Chennai Central (GEN) Parliamentary Constituency Part No PS NO Location and name of building in which Polling Station located Polling Area Polling Station Type,
23,23,"R.B.C.C Middle School, West Facing Room no 3. Ayya Street,Chintadripet Chennai-600002.",600002,1 Chintadripet New Ward No.62 Old Bungalow Street 2 Chidatripet New Ward No.62 Ayya Street 87 to 188,All Voters
24,24,"R.B.C.C Middle School, West Facing Room no.4 Ayya Street,Chintadripet Chennai-600002.",600002,1 Chintadripet New Ward No.62 kalavai street (s.no 61 to 143) 2 Chintadripet New Ward No.62 Nagamani Street 3 999-Oversease Elector,All Voters
25,25,"Chintadripet Middle School, South Facing Room no .1 Guruvappa Street,Chintadripet, Chennai-600002.",600002,1 Chintadripet New Ward No.62 Dharma Raja Koil Street 2 Chintadripet New Ward No.62 Sadasivam Street 3 Chintadripet New Ward No.62 Aadhiappa Street 4 999-Oversease Elector,All Voters
26,26,"Chintadripet Middle School, South Facing Room no.2 Guruvappa Street,Chintadripet, Chennai-600002.",600002,1 Chintadripet New Ward No.62 Nainiappa street 2 Chintadripet New Ward No.62 Devaraj Sarang Lane,All Voters
27,27,"Chintadripet Middle School, East Facing Room no.3 Guruvappa Street,Chintadripet, Chennai-600002.",600002,1 Chintadripet New Ward No.62 Guruvappa Street,All Voters
28,28,Anganvadi Center Room No.1 Dharmaraja Koil Street South Facing Room No 1 Chintadripet Chennai -2 1 Chintadripet New Ward No.62 West coovam river Road 41 to 153 2 Chintadripet New Ward No.62 Washermen street,,,All Voters
29,29,"Chintadripet Middle School, East Facing Room no.3 Guruvappa Street, Chintadripet, Chennai-600002.",600002,1 Chintadripet New Ward No.62 Kutty Street 2 Chintadripet New Ward No.62 Ayya Lane,All Voters
30,30,"Chintadripet Middle School, East Facing Room no.5 Guruvappa Street, Chintadripet, Chennai-600002.",600002,1 Chintadripet New Ward No.62 Krishnappa Street 2 Chintadripet New Ward No.62 Rajagopal Lane 3 Chintadripet New Ward No.62 Rajagopal Street,All Voters
31,31,"Corporation Community Hall West Facing Room no.1 Singanna Street, Chintadripet, Chennai-600002.",600002,1 Chintadripet New Ward No.62 Singanna Street (41 to 200),All Voters
32,32,"Corporation Community Hall West Facing Room no.2 Singanna Street, Chintadripet, Chennai-600002.",600002,1 Chintadripet New Ward No.62 Dr.Govindan Street 2 Chintadripet New Ward No.62 Adikesavalu Lane & Huts 3 Chintadripet New Ward No.62 Dawood Street 4 Chintadripet New Ward No.62 Usmankhan Road 5 Chintadripet New Ward No.62 Sivaprakasam Street 6 Chintadripet New Ward No.62 Dams Road 7 Chintadripet New Ward No.62 Sunguvar Agraharam Street 8 Overseas All Voters List of Polling Stations for 19 Chepauk-Thiruvallikeni (GEN) Assembly Segment within the 4 Chennai Central (GEN) Parliamentary Constituency Part No PS NO Location and name of building in which Polling Station located Polling Area Polling Station Type,
33,33,"Corporation Community Hall West Facing Room no.3 Singanna Street, Chintadripet, Chennai-600002.",600002,1 Chintadripet New Ward No.62 Housing board Richi street 2 Chintadripet New Ward No.62 Richi street & Huts 3 Chintadripet New Ward No.62 Sivaprakasam Lane 4 Chintadripet New Ward No.62 Seeyalamman Koil Street 5 Chintadripet New Ward No.62 Seeyalamman Koil Lane 6 Chintadripet New Ward No.62 Athipattan Street 7 Chintadripet New Ward No.62 Mohammed Hussain Street 8 Chintadripet New Ward No.62 Mohammed Hussain Lane 9 Chintadripet New Ward No.62 Wallarce Road,All Voters
34,34,"Chennai Corporation Small Savings Office, North Facing Room No.1 Subburayan Street, Komaleeswaranpet, Chennai-600002.",600002,1 Komaleeswaranpet New Ward No.63 Adhithanar Salai ( 1 to 104) 2 Komaleeswaranpet New Ward No.63 Narayanan Street 3 999 Overseas Elector,All Voters
35,35,"Chennai Corporation Small Savings Office, North Facing Room No.2 Subburayan Street, Komaleeswaranpet, Chennai-600002.",600002,1 Komaleeswaranpet New Ward No.63 Narayana 5th Lane 2 Komaleeswaranpet New Ward No.63 Narayana 6th Lane 3 Komaleeswaranpet New Ward No.63 Narayana 7th Lane 4 Komaleeswaranpet New Ward No.63 Narayana 8th lane 5 Komaleeswaranpet New Ward No.63 Narayana 9th Lane 6 Komaleeswaranpet New Ward No.63 Narayana 10th Lane 7 Komaleeswaranpet New Ward No.63 Narayana 11th Lane 8 Komleeswaranpet New Ward No.63 Narayana 12th Lane,All Voters
36,36,"Chennai Primary School East Facing Room no.1 No.25,Nagappa Street, Koyya Thoppu, Chennai-600002.",600002,1 Komaleeswaranpet New Ward No.63 Narayanan 1st Street 2 Komaleeswaranpet New Ward No.63 Adhithanar Lane (Varees Lane) 3 Komaleeswaranpet New Ward No.63 Narayana 2nd Lane 4 Komaleeswaranpet New Ward No.63 Narayana 3rd Lane 5 Komaleeswaranpet New Ward No.63 narayana 4th lane All Voters List of Polling Stations for 19 Chepauk-Thiruvallikeni (GEN) Assembly Segment within the 4 Chennai Central (GEN) Parliamentary Constituency Part No PS NO Location and name of building in which Polling Station located Polling Area Polling Station Type,
37,37,"Rao Bahadur Allathur Nathamuni Chetty Higher Sec School Room No.1 North Facing Swamy Street, Komaleeswaranpet, Ch-02. 1 Komaleeswaranpet New Ward No.63 kareem Mohideen street 2 Komaleeswaranpet taiI New Ward No.63 Kareem Mohideen 1st Lane 3 Komaleeswaranpet New Ward No.63 Kareem Mohideen 3rd Lane 4 Komaleeswaranpet New Ward No.63 Kareem Mohideen 5th Lane 5 Komaleeswaranpet New Ward No.63 Kareem Mohideen 6th Lane 6 Komaleeswaranpet New Ward No.63 Kareem Mohideen 7th Lane 7 Komaleeswaranpet New Ward No.63 Kareem Mohideen 8th Lane 8 Komaleeswaranpet New Ward No.63 Dams Road ( 8 to 30 ) 9 Komaleeswaranpet New Ward No.63 Narasingapuram Street 10 Komaleeswaranpet New Ward No.63 Meeran Street 11 Komaleeswaranpet New Ward No.63 Langs Garden Street ( 1 to 67 ) 12 Komaleeswaranpet New Ward No.63 Kancheepuram Pachaiyappa 1st Lane 13 Komaleeswaranpet New Ward No.63 Kancheepuram Pachaiyappa 2nd Lane 14 Komaleeswaranpet New Ward No.63 Kancheepuram Pachaiyappa 3rd Lane",,,All Voters
38,38,"East Exnora (ICDS Centre No.233) Venkatachala Street, East Facing Room no.1 Komaleeswaranpet, Chennai-600002.",600002,1 Komaleeswaranpet New Ward No.63 Kanceepuram Pachaiyappa Street 2 Komaleeswaranpet New Ward No.63 Venkatachala Naicken Street 3 Komaleeswaranpet New Ward No.63 Kareem Mohideen 2nd Lane 4 Komaleeswaranpet New Ward No.63 Kareem Mohideen 4th Lane,All Voters
39,39,"East Exnora (ICDS Centre No.233) Venkatachala Street, East Facing Room no.2 Komaleeswaranpet, Chennai-600002.",600002,1 Komaleeswaranpet New Ward No.63 Venkatachala Achari Street 2 Komaleeswarnpettai New Ward No.63 Chandra Banu Street,All Voters
40,40,"Chennai Childrens Garden School North Facing Room no.1 No.25,Nagappa Street, Koyya Thoppu,Komaleeswaranpet, Ch-2. 1 Komaleeswaranpet New Ward No.63 Veerabathra street 2 Komaleeswaranpet New Ward No.63 Koil Street 3 Komaleeswaranpet New Ward No.63 Sadhu Street 4 Komaleeswaranpet New Ward No.63 Nagappa Street Door No 1 to 5 5 Overseas Elector",,,All Voters
41,41,"Chennai Childrens Garden School North Facing Room no.2 No.25,Nagappa Street, Koyya Thoppu,Komaleeswaranpet, Ch-2."" 1 Komaleeswaranpet New Ward No.63 Nagappa Street Door No 6 to 59 2 Komaleeswaranpet New Ward No.63 Meerhasan Hussain Street",,,All Voters
42,42,"Chennai High School,East Facing Room no.4 Nagappa Street, Koyya Thoppu, Chennai-600002.",600002,1 Komaleeswaranpet New Ward No.63 Goyya Thoppu Tamilnadu Slum Clearance Board 2 Komaleeswaranpet New Ward No.63 Swamy street,All Voters
43,43,"Chennai High School,East Facing Room no.5 Nagappa Street, Koyya Thoppu, Chennai-600002.",600002,1 Komaleeswaranpet New Ward No.63 Goyya Thoppu New Block (full) All Voters List of Polling Stations for 19 Chepauk-Thiruvallikeni (GEN) Assembly Segment within the 4 Chennai Central (GEN) Parliamentary Constituency Part No PS NO Location and name of building in which Polling Station located Polling Area Polling Station Type,
44,44,"Rao Bahadur Allathur Nathamuni Chetty Higher Sec School West Facing Room no.2 Swamy Street, Komaleeswaranpet, Ch-02. 1 Komaleeswaranpet New Ward No.63 Velayutham street 2 Komaleeswaranpet New Ward No.63 Saibul Mulk street (1 to 67) 3 Overseas Elector",,,All Voters
45,45,"Chennai High School , Wast Facing Room no 3 Nagappa Street, Koyya Thoppu, Chennai-600002.",600002,1 Komaleeswaranpet New Ward No.63 Ellappa street 2 Komaleeswaranpet New Ward No.63 Ellappa First Lane 3 Komaleeswaranpet New Ward No.63 Ellappa 2nd lane 4 Komaleeswaranpet New Ward No.63 Muniyappa Street 5 Komaleeswaranpet New Ward No.63 Saibul Mulk 2nd Lane 6 Komaleeswaranpet New Ward No.63 South Coovam Salai (Huts 1 to 200),All Voters
46,46,"Chennai Childrens Garden School North Facing Room no.3 No.25,Nagappa Street, Koyya Thoppu,Komaleeswaranpet, Ch-2. 1 Komaleeswaranpet New Ward No.63 Perumal lane 2 Komaleeswaranpet New Ward No.63 Boodhaperumal kovil 1st lane 3 Komaleeswaranpet New Ward No.63 Boodha Perumal Kovil Street 4 Komalesswaranpettai New Ward No.63 Perumal Street 5 Komaleeswaranpet New Ward No.63 South coovam river Road 6 Komaleeswaranpet New Ward No.63 C.D. Depot Huts 7 Komaleeswaranpet New Ward No.63 New Block Housing Board A to H Huts",,,All Voters
47,47,"C.S.I. Middle School Bharathi Salai, South Facing Room no.1 pudhupakkam,Chennai-600014.",600014,1 Komaleeswaranpet New Ward No.63 Venkatesan 2nd Street and 1st Street 2 Komaleeswaranpet New Ward No.63 Venkatesan Street,All Voters
48,48,1 Pudupakkam New Ward No.63 Raza Hyder Street ( 5 to 64 ) 2 Pudupakkam New Ward No.63 Ameerunnissa Street 3 Overseas Elector,,,All Voters
49,49,D. Ahmed Ali Paripa memorial Matriculation Higher sec school North Facing Room no.1 CHELLA PILLAIYAR KOIL STREET Triplicane Chennai-600005 Room no 1 East facing,600005,1 Pudupakkam New Ward No.63 Nainiyappa street 2 Pudupakkam New Ward No.63 Subbaraya Street 1 to 24 3 Pudupakkam New Ward No.63 Sami Street,All Voters
50,50,D. Ahmed Ali Paripa memorial Matriculation Higher sec school North Facing Room no.1 CHELLA PILLAIYAR KOIL STREET Tricplane Chennai-600005 Room no 2East facing,600005,1 Annasalai New Ward No.63 Lathuram Street 22 to 77 2 Annasalai New Ward No.63 Gopal Doss Road,All Voters
51,51,"Sub Registerar Office Triplicane East Facing Room no.1 No.182 Bharathi Salai, Royapettah, Chennai-600014.",600014,"1 Pudupakkam New Ward No.63 Biram jangbagadhur Street 2 Pudupakkam New Ward No.63 Arumugam Street 3 Pudupakkam New Ward No.63 Welder Street 4 Pudupakkam Ward No 63 Byram Janbagadhur 1st Street 5 Pudupakkam New Ward No.63 Zubedar hussain street 6 Pudupakkam New Ward No.63 Subbarikunta Street (Huts Unit) 7 Pudupakkam New Ward No.63 Ghulam Mohideen Street All Voters Ration Shop(Zam Bazzar Co-operative Society Store) Chella Pillaiyar Koil Street,Pudupakkam, Chennai-600014 List of Polling Stations for 19 Chepauk-Thiruvallikeni (GEN) Assembly Segment within the 4 Chennai Central (GEN) Parliamentary Constituency Part No PS NO Location and name of building in which Polling Station located Polling Area Polling Station Type",
52,52,"Sub Registerar Office Triplicane South Facing Room no.2 No.182 Bharathi Salai, Royapettah,Chennai-600014.",600014,1 Pudupakkam New Ward No.63 Syed Noor street 2 Pudupakkam New Ward No.63 Burrasahip Street 7 To 66 3 Pudupakkam New Ward No.63 Boobegum 4th Street 4 Royapettah New Ward No.63 Vijaya Narayanadoss Salai Huts,All Voters
53,53,"Sub Registerar Office Triplicane North Facing Room no 3. No.182 Bharathi Salai, Royapettah,Chennai-600014.",600014,1 Pudupakkam New Ward No 63 General Patters Lane 2 Pudupakkam New Ward No.63 Biram Jang Bagadur 2nd Street 3 Pudupakkam New Ward No.63 Boobegum 3rd Street 4 Pudupakkam New Ward No.63 Kurban Ali Street 5 Pudupakkam New Ward No.63 Krishnappa Street 6 Pudupakkam New Ward No.63 Hasari Street 7 Pudupakkam New Ward No.63 Ramaswami Street 8 Pudupakkam New Ward No.63 Abdul Khadar Street 9 Pudupakkam New Ward No.63 Boobegum Street & Boobegum 2nd Street,All Voters
54,54,Corporation Division office East Facing Room no 1. Bharthi salai Pudapet Chennai-600002.,600002,1 Annasalai New Ward No.63 kalimanpuram 2 Annasalai New Ward No.63 Marup Street Balasubramaniya Nagar 3 Pudupakkam New Ward No.63 Boobegum 2nd Lane,All Voters
55,55,"ICDS CENTER (Chennai Corporation Gym Centre Building) West Facing Room no.1 First Cross Street New Side Bharathi Salai,Chennai-600002.",600002,1 Annasalai New Ward No.63 Thayar Market Lane 2 Pudupakkam New Ward No.63 Syed abdullah street 3 Royapettah New Ward No.63 Pycrafts 1st Cross Street 4 Overseas Elector,All Voters
56,56,"ICDS CENTER (Chennai Corporation Gym Centre Building) West Facing Room no.1 First Cross Street New Side Bharathi Salai,Chennai-600002.",600002,1 Royapettah New Ward No.63 Lord Govinda Doss Salai 2 Overseas Elector,All Voters
57,57,"ICDS CENTER (Chennai Corporation Gym Centre Building) West Facing Room no.1 First Cross Street New Side Bharathi Salai,Chennai-600002.",600002,1 Royapettah New Ward No.63 Lord Govinda Doss Nagar (Slum Board),All Voters
58,58,"Sub Registerar Office Triplicane East Facing Room no.4 No.182 Bharathi Salai, Royapettah,Chennai-600014.",600014,1 Royapettah New Ward No.63 Mohandoss Salai Huts 2 Royapettah New Ward No.63 Mohandoss Salai 3 Royapettah New Ward No.63 Mohandoss Lane 4 Royapettah New Ward No.63 Pycrafts 2nd Cross Street 5 Annasalai New Ward No.63 General Patters Salai 6 Overseas Elector,All Voters
59,59,"C.S.I. Middle School Bharathi Salai, South Facing Room no.1 pudhupakkam,Chennai-600014.",600014,1 Royapettah New Ward No.63 Bharathi Salai (Pycrafts Road) (148 to 363) 2 Overseas Elector All Voters List of Polling Stations for 19 Chepauk-Thiruvallikeni (GEN) Assembly Segment within the 4 Chennai Central (GEN) Parliamentary Constituency Part No PS NO Location and name of building in which Polling Station located Polling Area Polling Station Type,
60,60,"C.S.I. Middle School South Facing Room no.2 Bharathi Salai, pudhupakkam,Chennai-600014.",600014,1 Royapettah New Ward No.63 chellapillaiyar koil street 12 to 72 2 Royapettah New Ward No.63 Hussain Mulk Street 3 Royapettah New Ward No.63 Chella Pillayar Koil 2nd Lane 4 Royapettah New Ward No.63 chella pilliayar koil 3rd lane 5 Overseas Elector,All Voters
61,61,"C.S.I. Middle School North Facing Room no.3 Bharathi Salai, pudhupakkam,Chennai-600014.",600014,1 Royapettah New Ward No.63 Chella Pillaiyar Koil 1st Lane 2 Royapettah New Ward No.63 Vijayanarayanadoss Road 3 Royapettah New Ward No.63 Veerappan Street 4 Royapettah New Ward No.63 Veerappan Lane,All Voters
62,62,"C.S.I. Middle School Bharathi Salai, East Facing Room no.2 pudhupakkam,Chennai-600014.",600014,1 Royapettah New Ward No.63 Vaniyar Lane 2 Royapettah New Ward No.63 Oilmangar Street,All Voters
63,63,"Chennai Middle School, East Facing Room no.1 Thyphoon Alikhan Streeet, Thiruvatteeswaranpet, Triplicane, Chennai-600005.",600005,1 Thiruvatteeswaranpet New Ward No.114 Asudeenkhan Street (huts) Door No 1 to 50 2 Thiruvateeswaranpettai New Ward No.114 Hidhaya Flats (Thakrudeen Khan Street) 3 Overseas Elector,All Voters
64,64,D. Ahmed Ali Paripa memorial Matriculation Higher sec school East Facing Room no 3 No.79 Pachaiyyappan strret Tricplane Chennai-600005,600005,1 Thiruvateeswaranpettai New Ward No.114 Lathuram Street (1to23) 2 Thiruvateeswaranpettai New Ward No.114 Raja Hyder Street (1 to 3) 3 Thiruvateeswaranpettai New Ward No.114 Kumaraswami Street 4 Thiruvateeswaranpettai Ward no 114 Ellis Road (70 to 89) 5 Thiruvateeswaranpettai New Ward No.114 kilabath khan street,All Voters
65,65,Chennai Middle school Bangaru School East Facing Room no.1 Triplicane Chennai 600005,600005,1 Thiruvateeswaranpettai New Ward No.114 John Mohammed Street (1to27) 2 Komaleeswaranpet New Ward No.63 John Mohammed Street (18 to 75),All Voters
66,66,"Chennai Middle School, Thyphoon Alikhan Streeet, East facing Room no 2. Thiruvatteeswaranpet, Triplicane, Chennai-600005.",600005,1 Thiruvateeswaranpettai New Ward No.114 Thajuthin Khan Street 2 Thiruvatteswaranpet New Ward No.114 Thaifun Alikhan Street 3 Thiruvateeswaranpettai New Ward No.114 Abdul Kareem Cross Lane,All Voters
67,67,"Chennai Middle School, Thyphoon Alikhan Streeet, East facing Room no 3. Thiruvatteeswaranpet, Triplicane, Chennai-600005.",600005,"1 ""Thiruvatteeswaranpet New Ward No.114 Asudeenkhan Street (huts) 51 to 84"" 2 Thiruvateeswaranpettai New Ward No.114 Yussuf Street 3 Thiruvateeswaranpettai New Ward No.114 Khanapak First Lane All Voters List of Polling Stations for 19 Chepauk-Thiruvallikeni (GEN) Assembly Segment within the 4 Chennai Central (GEN) Parliamentary Constituency Part No PS NO Location and name of building in which Polling Station located Polling Area Polling Station Type",
68,68,"Chennai Urudhu Middle School, South Facing Room no.1 Old Buliding Vallabha Agraharam, Triplicane,Chennai-600005.",600005,1 Thiruvateeswaranpettai New Ward No.114 Abdul Kareem Street 2 Thiruvateeswaranpettai New Ward No.114 Kanapak Street 3 Thiruvateeswaranpettai New Ward No.114 C.NKrishnaswami Salai 64 to 108 4 Overseas Elector,All Voters
69,69,"Chennai Urudhu Middle School, South Facing Room no.2 Old Buliding Vallabha Agraharam, Triplicane,Chennai-600005.",600005,1 Thiruvateeswaranpettai New Ward No.114 Quaide-Milleth Road (1 to 160 ) 2 Thiruvateeswaranpettai New Ward No.114 D1 Police Quarters Triplicane,All Voters
70,70,"Chennai Urudhu Middle School, North Facing Room no3 Old Buliding Vallabha Agraharam, Triplicane,Chennai-600005.",600005,1 Thiruvateeswaranpettai New Ward No.114 nagappa street (mayar chitty babu street) 2 Thiruvateeswaranpettai New Ward No.114 Appavu Lane 3 Thiruvateeswaranpettai New Ward No.114 Vallabha Agraharam Street 4 Thiruvateeswaranpettai New Ward No.114 Abdulkareem Cross Street 5 Overseas Elector,All Voters
71,71,"Chennai Urudhu Middle School, North Facing Roomno 4. Old Buliding Vallabha Agraharam, Triplicane,Chennai-600005.",600005,1 Thiruvateeswaranpettai New Ward No.114 Chinna Thambi Street 2 Thiruvateeswaranpettai New Ward No.114 Daravenkataswami Street 3 Overseas Elector,All Voters
72,72,"Chennai Urudhu Middle School North Facing Old Buliding Room no. 5 (8th Std Class Room North Side) Vallabha Agraharam, Triplicane, Chennai-600005",600005,1 Thiruvateeswaranpettai New Ward No.114 Guruswamy Street 2 Thiruvateeswaranpettai New Ward No.114 Kuppu Muthu Street 3 Thiruvateeswaranpettai New Ward No.114 Subathral Street 4 Thiruvateeswaranpettai New Ward No.114 yussuf lane,All Voters
73,73,"Chennai Middle School, Thyphoon Alikhan Streeet, East facing Room no 3 Thiruvatteeswaranpet, Triplicane, Chennai-600005.",600005,1 Thiruvateeswaranpettai New Ward No.114 pachaiappa street Door No 1 to 55 2 Thiruvateeswaranpettai New Ward No.114 Thakrudeen Khan Street,All Voters
74,74,"Chennai Middle School, East Facing Room no4. old Buliding Thyphoon Alikhan Streeet, Thiruvatteeswaranpet, Triplicane, Chennai-600005.",600005,1 Thiruvateeswaranpettai New Ward No.114 Appavu street 2 Thiruvateeswaranpettai New Ward No.114 pachaiappa street Door No 56 to 89,All Voters
75,75,"H.H.Mandal Middle School Chennai East Facing Room no.2 old Buliding Pillaiyar Kovil Street, Triplicane,Chennai-600005.",600005,1 Thiruvatteeswaranpettai New Ward No.114 Shadi Mahal Othavadai Street 2 Thiruvatteeswaranpettai New Ward No.114 Pillaiyar Koil 2nd Lane 3 Thiruvatteeswaranpettai New Ward No.114 Pillayar Kovil 1st Lane 4 Thiruvatteeswaranpettai New Ward No.114 Thiruvatteeswaranpettai Sannathi Street 5 Thiruvatteeswaranpettai New Ward No.114 Chella Pillaiyar Koil Street (1to12) 6 Thiruvatteeswaranpettai New Ward No.114 Burra Garden Street (1 to 7) All Voters List of Polling Stations for 19 Chepauk-Thiruvallikeni (GEN) Assembly Segment within the 4 Chennai Central (GEN) Parliamentary Constituency Part No PS NO Location and name of building in which Polling Station located Polling Area Polling Station Type,
76,76,"H.H.Mandal Middle School Chennai East Facing Room no.3 old Buliding Pillaiyar Kovil Street, Triplicane,Chennai-600005.",600005,Thiruvatteeswaranpettai New Ward No.114 Pillaiyar koil street,All Voters
77,77,D. Ahmed Ali Paripa memorial Matriculation Higher sec school East Facing Room no.1 No.79 Pachaiyyappan strret Tricplane Chennai-600005,600005,1 Thiruvatteeswaranpettai New Ward No.114 Jani Basha Street 2 Thiruvatteswaranpettai New Ward No.114 Subbarayan Street (1 to 6) 3 Thiruvateeswaranpettai New Ward No.114 Thoulath khan Street,All Voters
78,78,D. Ahmed Ali Paripa memorial Matriculation Higher sec school East Facing Room no.2No.79 Pachaiyyappan strret Tricplane Chennai-600005,600005,1 Thiruvatteswaranpettai New Ward No.114 Bangaru Street ( 25 to 124) 2 Overseas,All Voters
79,79,ICDS Center no.33603030426/0427 West Facing Room no.1,336030,"Arunachalam Streeet, Chepauk,Chennai-600005."" 1 Chepauk New Ward No.114 Arunachalam Street 1 to 64 2 Chepauk New Ward No.114 Walajah Road 1 to 61",All Voters
80,80,"Corporation Divisional Office South Facing Room no.1 Arunachalam Streeet, Chepauk,Chennai-600005.",600005,1 Chepauk New Ward No.114 Mian First Street 2 Chepauk New Ward No.114 Mian 2nd Street 3 Chepauk New Ward No.114 Venkatesan Street,All Voters
81,81,"C.S.I.Middle School, South Facing New Buliding Room no.1 Veeraghavan Street, Chennai-600005.",600005,1 Chepauk New Ward No.114 veeraragavan street (big street) 2 Chepauk New Ward No.114 Mohammed Abdullah 2nd Street,All Voters
82,82,"C.S.I.Middle School, South Facing New Buliding Room no.2 Veeraghavan Street, Chennai-600005.",600005,1 Chepauk New Ward No.114 Mosque Street 2 Chepauk New Ward No.114 Mosque Lane 3 Chepauk New Ward No.114 Omega Premier (Veeraragavan Street) 4 Chepauk New Ward No.114 Mohammed Abdullah First Street 5 Overseas,All Voters
83,83,ICDS Center no.33603030426/0427 East Facing Room no 2,336030,"Arunachalam Streeet, Chepauk,Chennai-600005."" 1 Chepauk New Ward No.114 C.NKrishnaswamy Lane 2 ""Chepauk New Ward No.114 Lal Mohammed cross street"" 3 Chepauk New Ward No.114 Arumuga Street 4 Overseas",All Voters
84,84,"C.S.I.Middle School, South Facing New Buliding Room no.2 Veeraghavan Street, Chennai-600005.",600005,1 Chepauk New Ward No.114 C.NKrishnaswamy Road (1 to 61) 2 Chepauk New Ward No.114 Subramaniam Street 3 Chepauk New Ward No.114 Murugappa Street,All Voters
85,85,"Chennai Middle School, North Facing Room no.1 New Buliding No.139 Bells Road, Chepauk, Chennai-600005.",600005,1 Chepauk New Ward No.114 Babu Jaga Jeevan Ram Salai (Bells Road) 2 Chepauk New Ward No.114 KasthuribaiGandhi G.H.Staff Quarters BabuJagaJeevanRamSalai (Bells Road) 3 Overseas,All Voters
86,86,"Chennai Middle School, North Facing New Buliding Room no.2 No.139 Bells Road, Chepauk, Chennai-600005.",600005,1 Chepauk New Ward No.114 Officers Venkatachalam Street 2 Chepauk New Ward No.114 Lal Mohammed Street 3 Overseas,All Voters
87,87,"Chennai Middle School, East FacingRoom no 5. newBuliding No.139 Bells Road, Chepauk, Chennai-600005.",600005,1 Chepauk New Ward No.114 lal Begum street All Voters List of Polling Stations for 19 Chepauk-Thiruvallikeni (GEN) Assembly Segment within the 4 Chennai Central (GEN) Parliamentary Constituency Part No PS NO Location and name of building in which Polling Station located Polling Area Polling Station Type,
88,88,ICDS Centre Lock Nagar Room no 1 West facing Chepauk Chennai-600005,600005,1 Chepauk New Ward No.114 swami sivanandha salai tnscb A block 2 Chepauk New Ward No.114 swami sivanandha salai tnscb B block 3 Chepauk New Ward No.114 swami sivanandha salai tnscb C block 4 Chepauk New Ward No.114 swami sivanandha salai tnscb D block 5 Chepauk New Ward No.114 swami sivanandha salai tnscb E block 6 Chepauk New Ward No.114 swami sivanandha salai tnscb G block 7 Chepauk New Ward No.114 swami sivanandha salai tnscb F block 8 Chepauk New Ward No.114 swami sivanandha salai tnscb H block 9 Chepauk New Ward No.114 swami sivanandha salai tnscb I block 10 Chepauk New Ward No.114 swami sivanandha salai tnscb K block 11 Chepauk New Ward No.114 swami sivanandha salai tnscb T block Backside 12 Chepauk New Ward No.114 swami sivanandha salai Television Employers Quarters,All Voters
89,89,"Chennai Middle School, East FacingRoom no 5. newBuliding No.139 Bells Road, Chepauk, Chennai-600005.",600005,1 Chepauk New Ward No.114 Victoria Hostel Road Huts Lock Nagar Kamaraj Salai 2 Chepauk New Ward No.114 PWD Quaters Swami Sivanandha Salai 3 Chepauk New Ward No.114 Presidency College Adams Road Backside Roof House 4 Chepauk New Ward No.114 Presidency College Womens Hostel Quaters 5 Chepauk New Ward No.114 swami sivanandha salai tnscb J block 6 Chepauk New Ward No.114 Swami Sivanandha Salai TNSCB L Block 7 Chepauk New Ward No.114 Swami Sivanandha Salai TNSCB M Block,All Voters
90,90,"Chennai Middle School, East FacingRoom no 6 newBuliding No.139 Bells Road, Chepauk, Chennai-600005.",600005,1 Chepauk New Ward No.114 Krishnappa Street 2 Chepauk New Ward No.114 Victoria Hostel Backside Huts,All Voters
91,91,"Chennai Middle School North Facing Room no.1 Old Buliding Venkatarangam Street, Triplicane, Chennai-600005.",600005,1 Triplicane New Ward No.116 Karpaga Kanniyamman Koil Street 2 Triplicane New Ward No.116 karpaga kanniyamman cross street 3 Triplicane New Ward No.116 karpaga kanniyamman kovil 2nd Lane 4 Triplicane New Ward No.116 Pazhaniamman Koil North 2nd Street,All Voters
92,92,"Chennai Middle School North Facing Room no.2 Old Buliding Venkatarangam Street, Triplicane, Chennai-600005.",600005,1 Triplicane New Ward No.116 karpaga kanniamman koil 3rd Lane 2 Triplicane New Ward No.116 Karpaga Kanniamman Koil 4th Lane 3 Triplicane New Ward No.116 karpaga kanniyamman kovil 5th Lane 4 Triplicane New Ward No.116 raja hanumanthalala street 5 Triplicane New Ward No.116 Raja Hanumanthalala Lane (New No. 1 to 15),All Voters
93,93,"Hindu Senior Secondary School, East Facing Room no.1 Peyalwar Koil Street, Triplicane,Chennai-600005.",600005,1 Triplicane New Ward No.116 Venkatrangam street (new no. 41 to 75 & 2 to 148) Door No 46 to 113 2 Triplicane New Ward No.116 pallaniamman koil 6th lane All Voters List of Polling Stations for 19 Chepauk-Thiruvallikeni (GEN) Assembly Segment within the 4 Chennai Central (GEN) Parliamentary Constituency Part No PS NO Location and name of building in which Polling Station located Polling Area Polling Station Type,
94,94,"Hindu Senior Secondary School, East Facing Room no.2 Peyalwar Koil Street, Triplicane,Chennai-600005.",600005,1 Triplicane New Ward No.116 old kattai thotti 1st street 2 Triplicane New Ward No.116 Bharathi Road (New No. 1 to 9) 3 Overseas,All Voters
95,95,"Hindu Senior Secondary School, East Facing Room no.3 Peyalwar Koil Street, Triplicane,Chennai-600005.",600005,1 Triplicane New Ward No.116 Venkatrangam street (new no. 1 to 40) 2 Triplicane New Ward No.116 New Kattai Thotti 2nd Street,All Voters
96,96,"Chennai Middle School North Facing Room no.3 Old Buliding Venkatarangam Street, Triplicane, Chennai-600005.",600005,1 Triplicane New Ward No.116 Pazhaniamman Koil South 1st Street (Pazhaniamman Koil Street & 1st Lane) 2 Triplicane New Ward No.116 Pazhaniamman Koil North 1st Street & 3rd Street 3 Triplicane New Ward No.116 Canal Street Door No 1 to 13 4 Triplicane New Ward No.116 Pazhaniamman Koil 5th Lane,All Voters
97,97,"Tamilnadu Bharat Scouts & Guides Association South Facing Room no.1 Old Buliding No26, Kamaraj Salai, Triplicane,Chennai-600005.",600005,1 Triplicane New Ward No.116 Canal Street Door No 14 to 67 2 Triplicane New Ward No.116 Canal Street Hutting Ground,All Voters
98,98,"Tamilnadu Bharat Scouts & Guides Association East Room no.2 Facing Old Buliding No26, Kamaraj Salai, Triplicane,Chennai-600005.",600005,1 Triplicane New Ward No.116 Palaniyamman Koil South 2nd Street 2 Triplicane New Ward No.116 Palaniamman Koil South 3rd Street 3 Triplicane New Ward No.116 Palaniamman Koil South 4th Street,All Voters
99,99,"M.O.Parthasarathy Iyyangar Primary School, Room no.1 West Facing Old Buliding No. 72, Venkatarangam Street, Triplicane, Ch-05"" 1 Triplicane New Ward No.116 venkatrangam pillai street (new no. 67 to 157 & 76 to 148) 2 Triplicane New Ward No.116 Vijay Avenue (Venkatrangam Pillai Street) 3 Triplicane New Ward No.116 Shanthi Nivas Flats 4 Triplicane New Ward No.116 Vivekanandan Flats",,,All Voters
100,100,"M.O.Parthasarathy Iyyangar Primary School, West FacingRoom no.2 Old Buliding No. 72, Venkatarangam Street, Triplicane, Ch-05"" 1 Triplicane New Ward No.116 Arimuthu Achari Street 2 Triplicane New Ward No.116 venkatrangam 1st lane 3 Triplicane New Ward No.116 Narayanakrishna rajapuram 4 Overseas",,,All Voters
101,101,"M.O.Parthasarathy Iyyangar Primary School,West FacingRoom no.3 /Old Building No. 72, Venkatarangam Street, Triplicane, Ch-05"" 1 Triplicane New Ward No.116 Arimuthu Mesthry Street 2 Triplicane New Ward No.116 Arimuthu Mesthry Street (Huts Side) 3 Triplicane New Ward No.116 Sunguwar Street",,,All Voters
102,102,"M.O.Parthasarathy West Facing/ Room no.4 Old Building Iyyangar Primary School, No. 72, Venkatarangam Street, Triplicane, Ch-05"" 1 Triplicane New Ward No.116 sivarajapuram huts area 2 Triplicane New Ward No.116 Sunguwar Lane",,,All Voters
103,103,"Lady wellington Higher Sec School North Facing Room no.1 /Old Building No 1,Dr.Besant Road, Triplicane,Chennai-600005.",600005,1 Triplicane New Ward No.116 Ayodhya nagar and huts (block no. 1 to 15) All Voters List of Polling Stations for 19 Chepauk-Thiruvallikeni (GEN) Assembly Segment within the 4 Chennai Central (GEN) Parliamentary Constituency Part No PS NO Location and name of building in which Polling Station located Polling Area Polling Station Type,
104,104,"Lady wellington Higher Sec School North Facing Right Side/Romm no 2. Old Building No 1,Dr.Besant Road, Triplicane,Chennai-600005.",600005,1 Triplicane New Ward No.116 Ayodhya Nagar (block no.21 to 25 and huts) 2 Triplicane New Ward No.116 Dr. Besant Road (New No. 2 to 24) 3 Overseas,All Voters
105,105,"Lady wellington Higher Sec School North Facing Right Side/Room no.3. Old Building No 1,Dr.Besant Road, Triplicane,Chennai-600005.",600005,1 Triplicane New Ward No.116 Ayodhya Nagar (block 31 to 35 & huts) 2 Overseas,All Voters
106,106,"Lady wellington Higher Sec School North Facing Right Side/Room no.4. Old Building No 1,Dr.Besant Road, Triplicane,Chennai-600005.",600005,1 Triplicane New Ward No.116 Ayodhya nagar and huts (block no. 16 to 20) 2 Triplicane New Ward No.116 Ayodhya nagar and huts (block no. 26 to 30) 3 Triplicane New Ward No.116 Ayodhya nagar and huts (block no. 36 to 42),All Voters
107,107,"NK Thirumalaichariyar National Boys High Sec East Facing Right Side/Room no.1 Old BuildingSchool Prayer Hall, No.113 Thulasinga Perumal Koil Street, Triplicane, Chennai-600005.",600005,1 Triplicane New Ward No.116 Peyalvar Koil Street 2 Triplicane New Ward No.116 South mada street 3 Triplicane New Ward No.116 Thulasingaperumal koil 1st lane,All Voters
108,108,"NK Thirumalaichariyar National Boys High Sec East Facing Right Side/Room no.2 Old BuildingSchool Prayer Hall, No.113 Thulasinga Perumal Koil Street, Triplicane, Chennai-600005.",600005,1 Triplicane New Ward No.116 Thulasingaperumal Koil 2nd Lane 2 Triplicane New Ward No.116 Thulasingaperumal Koil Street (Door No. 98 to 146) 3 Triplicane New Ward No.116 Sri Ranganivasam (T.PKoil street) 4 Triplicane New Ward No.116 Prakash Apartment (T.P. Koil Street) 5 Triplicane New Ward No.116 Sri Ragavendra Apartment (T.P. Koil st) 6 Triplicane New Ward No.116 Ulagappa Street,All Voters
109,109,"Kellet Higher Sec School West Facing Right SideRoom no.1 /Old Building No.4, Bandy Venkatesa Street, Triplicane, Chennai-600005.",600005,1 Triplicane New Ward No.116 Bandy Venkatesa Street 2 Triplicane New Ward No.116 Chengalvarayan Street 3 Overseas,All Voters
110,110,"Kellet Higher Sec School west facing Room no.2 No.4, Bandy Venkatesa Street, Triplicane, Chennai-600005.",600005,1 Triplicane New Ward No.116 Sundaramoorthy vinayagar koil street,All Voters
111,111,"N.Samarao Nursery and Primary School West Facing Right Side/Room no.1 Old Building No.4, Singaram Street, Triplicane, Chennai-600005.",600005,1 Triplicane New Ward No.116 Nagoji Street 2 Triplicane New Ward No.116 singarachari street Door No 11 to 66,All Voters
112,112,"N.Samarao Nursery and Primary School East Facing Right Side/Room no.2 Old Building No.4, Singaram Street, Triplicane, Chennai-600005.",600005,1 Triplicane New Ward No.116 Therady street 2 Singarachari Street Door No 1 to 10 All Voters List of Polling Stations for 19 Chepauk-Thiruvallikeni (GEN) Assembly Segment within the 4 Chennai Central (GEN) Parliamentary Constituency Part No PS NO Location and name of building in which Polling Station located Polling Area Polling Station Type,
113,113,"NK Thirumalaichariyar National Boys High Sec East Facing Right Side/ Room no.3 Old BuildingSchool Prayer Hall, No.113 Thulasinga Perumal Koil Street, Triplicane, Chennai-600005.",600005,Triplicane New Ward No.116 Thulasingaperumal koil street (door no. 1 to97),All Voters
114,114,"Chennai Middle School.North Facing Left Side/Old Building Room no.1 No. 190, Quaid-E-Millath Street, Triplicane, Ch-5"" 1 Triplicane New Ward No.116 Quaide e milleth Road (new no. 269 to 365 & 336 to 394) 2 Triplicane New Ward No.116 Kasim Ali 1st Street 3 Triplicane New Ward No.116 Kasim Ali 2nd Street",,,All Voters
115,115,"N.K. Thirumalaichariyar National Girls Higher Sec. School,Room No.1 West Facing Left Side/Old Building (Building-2 6/A) No. 21, Dr. Besant Road, Triplicane, Chennai - 600 005."" 1 Triplicane New Ward No.116 Bandala Venugopal Street 2 Triplicane New Ward No.116 Dr. Besant Road (New No.7 to 47 & 26 to 82) 3 Triplicane New Ward No.116 Dr. Besant Road (Vasudevapuram Ist Lane) 4 Triplicane New Ward No.116 Icehouse Police Quarters",,,All Voters
116,116,"Chennai Corporation Juniors Engineers Office, South Facing/Room no.1 Old Building Chengalvarayan Street, Div-89 Triplicane, Ch-5"" 1 Triplicane New Ward No.116 Narasimman Lane 2 Triplicane New Ward No.116 kandappan street 3 Triplicane New Ward No.116 Ganapathy Street 4 Triplicane New Ward No.116 Thandavaraya Street 5 Triplicane New Ward No.116 Hanumantha Rayan Koil Street",,,All Voters
117,117,"Rex Matriculation School,West Facing Right Side/Old Building Room no.1 North Tank Squaire Street, Triplicane, Chennai-600005.",600005,1 Triplicane New Ward No.116 Venkatachalam 1st Lane 2 Triplicane New Ward No.116 venkatachalam street 3 Triplicane New Ward No.116 Venkatachalam 2nd Lane 4 Triplicane New Ward No.116 venkatachalam 3rd lane 5 Triplicane New Ward No.116 Venkatrangam 2nd Lane,All Voters
118,118,"Rex Matriculation School,West Facing Right Side/Old Building Room no.2 North Tank Squaire Street, Triplicane, Chennai-600005.",600005,1 Triplicane New Ward No.116 Arumugachetty Street 2 Triplicane New Ward No.116 Arumugam Lane 3 Triplicane New Ward No.116 North Tank Square Street 4 Triplicane New Ward No.116 East Tank Square Street 5 Triplicane New Ward No.116 South Tank Square Street,All Voters
119,119,"Hindu Higher Sec School, East and South Facing/Old Building (Room No.37 East Side ), Veeraraghavan Street,(Big Street), Triplicane, Chennai-600005.",600005,1 Triplicane New Ward No.114 Ranganathan Street 2 Triplicane New Ward No.114 Officer Venkatachalam Lane 3 Triplicane New Ward No.114 Akbar Hyder Street 4 Triplicane New Ward No.114 Merina Apartment (Akbar Hyder Street),All Voters
120,120,"Hindu Higher Sec School, South Facing/Old Building (Room No.38 East Side ), Veeraraghavan Street,(Big Street), Triplicane, Chennai-600005.",600005,Triplicane New Ward No.114 veeraragavan street (d.no 67 to 205) All Voters List of Polling Stations for 19 Chepauk-Thiruvallikeni (GEN) Assembly Segment within the 4 Chennai Central (GEN) Parliamentary Constituency Part No PS NO Location and name of building in which Polling Station located Polling Area Polling Station Type,
121,121,"Hindu Higher Sec School, East Facing/Old Building (Room No.39 East Side ), Veeraraghavan Street,(Big Street), Triplicane, Chennai-600005.",600005,Triplicane New Ward No.114 Sydoji street Triplicane New Ward No.114 Sydoji Lane Triplicane New Ward No.114 Parthasarathy street,All Voters
122,122,"Muslim Higher Sec School South FacingRoom no.1 /New Building (10-B South Side), Quide E Millet Salai, Triplicane,Chennai-600005.",600005,Triplicane New Ward No.114 Quaide-millet Road (d.no.131 to 330) triplicane high Road,All Voters
123,123,"Muslim Higher Sec School South Facing/New Building Room no.2 (10-B South Side), Quide E Millet Salai, Triplicane,Chennai-600005.",600005,1 Triplicane New Ward No.114 Muftiamirullah Street 2 Triplicane New Ward No.116 namasivaya street 3 Triplicane New Ward No.116 Thanigachalam Street,All Voters
124,124,"Muslim Higher Sec School South Facing/New Building Room no3 (10-B South Side), Quide E Millet Salai, Triplicane,Chennai-600005.",600005,1 Triplicane New Ward No.116 Veera Perumal Street 2 Triplicane New Ward No 116 Singaperumal Koil Street 3 Triplicane New Ward No.116 samipillai street 4 Triplicane New Ward No.116 Sivaraman street,All Voters
125,125,"Hindu Senior Sec School West Facing Right Side/Old Building Room no.1 New No.179, Old No.87, (Primary Wing L.K.G-D) Veeraraghavan Street (Big Street) Triplicane, Chennai-600005.",600005,1 Triplicane New Ward No.116 Alangatha Street 2 Triplicane New Ward No.116 Neeliveerasami Street 3 Triplicane New Ward No.116 Thopu Venkatachala Street,All Voters
126,126,"Hindu Senior Sec School West Facing Left Side New Room no.2 No.179, Old No.87, (Primary Wing L.K.G-D) Veeraraghavan Street (Big Street) Triplicane, Chennai-600005.",600005,1 Triplicane New Ward No.116 Bharathi Road (pycrafts Road) 2 to115 2 Triplicane New Ward No.116 Raja Hanumanthalala Lane 1 to16 3 Triplicane New Ward No.116 Nalla Thambi Street,All Voters
127,127,"Hindu Senior Sec School West Facing Left Side New Room no.3 No.179, Old No.87, (Primary Wing L.K.G-D) Veeraraghavan Street (Big Street) Triplicane, Chennai-600005.",600005,1 Triplicane New Ward No.116 Neeliveerasami 1st Lane 2 Triplicane New Ward No.116 Neeliveerasami 2nd Lane 3 Triplicane New Ward No.116 Easwardosslala Street,All Voters
128,128,"Hindu Senior Sec School West Facing Right Side/Old Building Room no.4 New No.179, Old No.87, (Primary Wing L.K.G-D) Veeraraghavan Street (Big Street) Triplicane, Chennai-600005.",600005,1 Triplicane New Ward No.116 Parthasarathy Swami Lane 2 Triplicane New Ward No.116 Parthasarathy Swami Street 3 Triplicane New Ward No.116 Bharathi Salai Road Side Huts 4 Triplicane New Ward No.116 Muthukalathy Street 5 Triplicane New Ward No.114 Ayya Street,All Voters
129,129,"Muslim Higher Sec School South FacingRoom no.4/New Building (10-B South Side), Quide E Millet Salai, Triplicane,Chennai-600005.",600005,1 Triplicane New Ward No.114 habibullah 1st lane 2 Triplicane New Ward No.114 Habibullah 3rd Lane 3 Triplicane New Ward No.114 Habibullah 4th Lane 4 Triplicane New Ward No.114 Habibullah Cross Street,All Voters
130,130,"Muslim Higher Sec School South FacingRoom no.5/New Building (10-B South Side), Quide E Millet Salai, Triplicane,Chennai-600005.",600005,1 Triplicane New Ward No.114 Fakir Sahib 1st Lane 2 Triplicane New Ward No.114 Fakir Sahib 2nd Lane 3 Triplicane New Ward No.114 Arumugappa Street All Voters List of Polling Stations for 19 Chepauk-Thiruvallikeni (GEN) Assembly Segment within the 4 Chennai Central (GEN) Parliamentary Constituency Part No PS NO Location and name of building in which Polling Station located Polling Area Polling Station Type,
131,131,"Muslim Higher Sec School South FacingRoom no.6/New Building (10-B South Side), Quide E Millet Salai, Triplicane,Chennai-600005.",600005,1 Triplicane New Ward No.114 Habibullah 1st street 2 Triplicane New Ward No.114 Fakir Sahib Street,All Voters
132,132,Mani's Nursery School Sheik Dawood Street East Facing Room no.1 Royapettah Chennai-600014 Room no 1,600014,1 Triplicane New Ward No.115 devaraj street 2 Triplicane New Ward No.115 mallan ponnappa street (Door No 81 to100) 3 Triplicane New Ward No.115 Thangavelu vaithiyar street 1 to 5,All Voters
133,133,Mani's Nursery School Sheik Dawood Street East Facing Royapettah Chennai-600014 Room no2,600014,1 Triplicane New Ward No.115 Hakim magdoom ashraf street 2 Triplicane New Ward No.115 Weavers Street 3 Triplicane New Ward No.115 Thangavelu vaithiyar street 6 to 49,All Voters
134,134,Mani's Nursery School Sheik Dawood Street East Facing Royapettah Chennai-600014 Room no 3,600014,1 Triplicane New Ward No.115 mallan ponnappa street (Door No 1 to80),All Voters
135,135,Mani's Nursery School Sheik Dawood Street East Facing Royapettah Chennai-600014 Room no 4,600014,1 Triplicane New Ward No.115 arumuga vaithiyar street 2 Triplicane New Ward No.115 Doctor Niyamathullah Road 3 Tricplicane New Ward No.115 Thambu Street 4 Triplicane New Ward No.115 mallan ponnappa street (Door No 101 to117) 5 Triplicane New Ward No.115 Subramanya Garden Street,All Voters
136,136,"Muslim Higher Sec School South FacingRoom no.6/New Building (10-B South Side), Quide E Millet Salai, Triplicane,Chennai-600005.",600005,1 Triplicane New Ward No.114 Barathi salai (new no. 80 to 223 & 2 to 146) 2 Triplicane New Ward No.114 Pulibone Bazaar 2nd Street 3 Triplicane New Ward No.114 Pulibone bazaar 3rd street 4 Triplicane New Ward No.115 Thirtharappan Street 5 Triplicane New Ward No.115 General Swamy Street,All Voters
137,137,"Chennai Middle School West Facing Room no.2 No 84 Sorrappa Street, Triplicane, Chennai-600005",600005,1 Triplicane New Ward No.115 Soorappa street,All Voters
138,138,"Chennai Middle School East Facing Room no.3 No 84 Sorrappa Street, Triplicane, Chennai-600005",600005,1 Triplicane New Ward No.115 Thanappa street 2 Triplicane New Ward No.115 Muniyappa Street 3 Triplicane New Ward No.115 Vaniyar Street 4 Triplicane New Ward No.115 Ponnapa Street 5 Triplicane New Ward No.115 Arumuga Achari Street Door No 1 to 6,All Voters
139,139,"Chennai Middle School East Facing Room no.4 No 84 Sorrappa Street, Triplicane, Chennai-600005",600005,"1 Triplicane New Ward No.115 Arumuga Achari Street Door No 7 to 50 2 ""Triplicane New Ward No.115 Iyyasamy Street "" 3 Triplicane New Ward No.115 Subbaraya Street 4 Triplicane New Ward No.115 Chinnappa Street All Voters List of Polling Stations for 19 Chepauk-Thiruvallikeni (GEN) Assembly Segment within the 4 Chennai Central (GEN) Parliamentary Constituency Part No PS NO Location and name of building in which Polling Station located Polling Area Polling Station Type",
140,140,"N.K. Thirumalaichariyar National Girls Higher Sec. School,West Facing Left Side/Room no.2 Old Building (Building-2 6/A) No. 21, Dr. Besant Road, Triplicane, Chennai - 600 005."" 1 Triplicane New Ward No.115 Sheik Dawood Street Door No27 to 35 2 Triplicane New Ward No.115 gazeette begam street Door No 11 to 40",,,All Voters
141,141,"N.K. Thirumalaichariyar National Girls Higher Sec. School,West Facing Left Side/Room no.2 Old Building (Building-2 6/A) No. 21, Dr. Besant Road, Triplicane, Chennai - 600 005."" 1 Triplicane New Ward No.115 gaffur 1st lane 2 Triplicane New Ward No.115 gaffur 2nd street 3 Triplicane New Ward No.115 Gaffur 3rd Lane 4 Triplicane New Ward No.115 Gaffur street 5 Triplicane New Ward No.115 Sheik Dawood Street Door No 1 to 26",,,All Voters
142,142,"N.K. Thirumalaichariyar National Girls Higher Sec. School,East Facing Room no.4 Right Side/Old Building (Building-2 6/A) No. 21, Dr. Besant Road, Triplicane, Chennai - 600 005."" 1 Triplicane New Ward No.115 dr. Besant Road (new no. 21 to 179 & 84 to 236)",,,All Voters
143,143,"Chennai Urdu Middle School (1st and 5th Std), West Facing Room no.1 No. 127, Dr. Besant Road, Triplicane, Chennai - 600 005"" 1 Royapettah New Ward No.120 Elephant tank 1st street 2 Royapettah New Ward No.120 Thondai Khan Makkan 1st Lane 3 Royapettah New Ward No.120 Thondai Khan Makkan 2nd Lane 4 Royapettah New Ward No.120 Thondai Khan Makhan 3rd Lane",,,All Voters
144,144,"Corporation Technical Institute North Facing Left Side/Old Building Room no.5 Lloyds Estate, Royapettah, Chennai-600014",600014,1 Royapettah New Ward No.120 Elephant Tank 2nd Street,All Voters
145,145,"Chennai Urdu Middle School West Facing Room no 2. (1st and 5th Std), No. 127, Dr. Besant Road, Triplicane, Chennai - 600 005"" 1 Royapettah New Ward No.120 Elephant Tank 3rd Street 2 Royapettah New Ward No.120 Elephant Tank 4th Street 3 Royapettah New Ward No.120 elephant tank 5th street 4 Triplicane New Ward No.115 gazeette begam street Door No 1to10",,,All Voters
146,146,"Corporation Technical Institute North Facing Left Side/Old Building Room no.6 Lloyds Estate, Royapettah, Chennai-600014",600014,"1 Royapettah New Ward No.120 Elephant Tank 6th street 2 Royapettah New Ward No.119 Mavadi Vinayagar Koil Street, Door No 1 to 10",All Voters
147,147,"Chennai Primary School (1st and 2nd Std), West Facing Room no.1 No. 126, Dr. Besant Road, Triplicane, Chennai - 600 005."" 1 Royapettah New Ward No.120 Jawahar hussain khan 1st street",,,All Voters
148,148,"Chennai Primary School (1st and 2nd Std), West Facing Room no.2 No. 126, Dr. Besant Road, Triplicane, Chennai - 600 005."" 1 Royapettah New Ward No.120 Jawahar hussain khan 2nd street All Voters List of Polling Stations for 19 Chepauk-Thiruvallikeni (GEN) Assembly Segment within the 4 Chennai Central (GEN) Parliamentary Constituency Part No PS NO Location and name of building in which Polling Station located Polling Area Polling Station Type",,,
149,149,"Chennai Primary School West Facing (1st and 2nd Std), Room no.3 No. 126, Dr. Besant Road, Triplicane, Chennai - 600 005."" 1 Royapettah New Ward No.120 Jawahar Hussain Khan Cross Street 2 Royapettah New Ward No.120 Mohamed hussain khan lane 3 Royapettah New Ward No.120 Janijankhan 1st lane",,,All Voters
150,150,"Chennai Urdu Middle School West Facing (1st and 5th Std),Room no.3 No. 127, Dr. Besant Road, Triplicane, Chennai - 600 005"" 1 Royapettah New Ward No.120 Jawahar hussain khan 4th street 2 Royapettah New Ward No.120 Jawahar Hussain Khan 5th Street 3 Royapettah New Ward No.120 jawahar hussain khan 6th street 4 Royapettah New Ward No.120 Jawahar Hussain Khan 3rd Street",,,All Voters
151,151,"Chennai Middle School.South Facing Left Side/ Room no.2Old Building No. 190, Quaid-E-Millath Street, Triplicane, Ch-5"" 1 Triplicane New Ward No.115 Thirunavukarasu Street 2 Triplicane New Ward No.115 Ramasamy Street 3 Triplicane New Ward No.115 Muzafurjung Bagadhur Street Door No 1 to 15 4 Triplicane New Ward No.115 Ponnapa lane",,,All Voters
152,152,"Chennai Middle School.South Facing Left Side/ Room no.3 Old Building No. 190, Quaid-E-Millath Street, Triplicane, Ch-5"" 1 Triplicane New Ward No.115 Angamuthu Street",,,All Voters
153,153,"Chennai Middle School.South Facing Left Side/Old Building Room no.4 No. 190, Quaid-E-Millath Street, Triplicane, Ch-5"" 1 Triplicane New Ward No.115 pallapan street 2 Triplicane New Ward No.115 Muzafurjung Bagadhur Street Door No 16 To 59",,,All Voters
154,154,"Chennai Middle School.South Facing Left Side/ Room no.5 Old Building No. 190, Quaid-E-Millath Street, Triplicane, Ch-5"" 1 Triplicane New Ward No.115 Agathimuthan Street 2 Triplicane New Ward No.115 koya Arunagiri 5th Street",,,All Voters
155,155,"Chennai Middle School.South Facing Left Side/Old Building Room no.6 No. 190, Quaid-E-Millath Street, Triplicane, Ch-5"" 1 Triplicane New Ward No.115 Sherfudeen Garden 1st Lane 2 Triplicane New Ward No.115 sherbudeen garden 2nd lane",,,All Voters
156,156,"Chennai Middle School.South Facing Left Side/ Room no.7 Old Building No. 190, Quaid-E-Millath Street, Triplicane, Ch-5"" 1 Triplicane New Ward No.115 hajisheik hussain 1st lane 2 Triplicane New Ward No.115 Hajisheik Hussain Street 3 Triplicane New Ward No.115 Hajisheik Hussain 2nd Lane",,,All Voters
157,157,"Chennai Middle School.South Facing Left Side/Old Building Room no.8 No. 190, Quaid-E-Millath Street, Triplicane, Ch-5"" 1 Triplicane New Ward No.115 karim zubedhar street 2 Triplicane New Ward No.115 Kareem Zubedar Lane 3 Tripicane New Ward No.115 Koya Arunagiri 3rd Street 4 Triplicane New Ward No.115 Koya Arunagiri 4th Street",,,All Voters
158,158,"Chennai Middle School.East Facing Old Building Room no.9 No. 190, Quaid-E-Millath Street, Triplicane, Ch-5"" 1 Triplicane New Ward No.115 koya arunagiri 1st street 2 Triplicane New Ward No.115 koya arunagiri 2nd street All Voters List of Polling Stations for 19 Chepauk-Thiruvallikeni (GEN) Assembly Segment within the 4 Chennai Central (GEN) Parliamentary Constituency Part No PS NO Location and name of building in which Polling Station located Polling Area Polling Station Type",,,
159,159,"C.S.I Monahan Matric Higher Sec School West Facing Room no.1 196, Peters Road Royapettah, Ch-14"" 1 Royapettah New Ward No.115 whites lane 2 Royapettah New Ward No.115 Rasul Umar Bagadur 4th Lane 3 Royapettah New Ward No.115 Rasool Umar Bagadhur 6th Lane",,,All Voters
160,160,"C.S.I Monahan Matric Higher Sec School West Facing Room no.2. 196, Peters Road Royapettah, Ch-14"" 1 Royapettah New Ward No.115 Rasul Umar Bhagadhur 1st Lane 2 Royapettah New Ward No.115 Rasul Umar Bhagadhur 3rd Lane 3 Royapettah New Ward No.115 Rasul Umar Bhagadhur 7th Lane",,,All Voters
161,161,"C.S.I Monahan Matric Higher Sec School North Facing Room no3. 196, Peters Road Royapettah, Ch-14"" 1 Royapettah New Ward No.115 Rasul Umar Bagadhur 2nd Lane 2 Royapettah New Ward No.115 Rasul Umar Bagadhur Main Road",,,All Voters
162,162,"C.S.I Monahan Matric Higher Sec School East Facing Room no.4 1st std 196, Peters Road Royapettah, Ch-14"" 1 Royapettah New Ward No.115 Peters Road New (D.No 75 to 167 and 126 to 272)",,,All Voters
163,163,"C.S.I Monahan Matric Higher Sec School East Facing Room no.5 2nd std 196, Peters Road Royapettah, Ch-14"" 1 Royapettah New Ward No.115 Peters Road T.N.H.B.Quatres Block 236,240,246,248,250 Block 2 Royapettah New Ward No.115 Peters Road T.N.H.B.Quarters 272 Block 3 Royapettai New Ward No.115 Peters Salai T.N.H.B. Quarters 270 Block 4 Royepettah New Ward No.115 peters Road, t.n.h.b.quarters, 268 block 5 Royapettah New Ward No.115 Peters Road T.N.H.B.Quarters 266 Block 6 Royapettah New Ward No.115 Peters Road T.N.H.B.Quarters 264 Block 7 Royapettah New Ward No.115 Peters Road T.N.H.B.Quarters 262 Block 8 Royapettah New Ward No.115 Peters Road T.N.H.B.Quarters 260 Block 9 Royapettai New Ward No.115 Peters Road T.N.H.B.Quarters 258 Block 10 Royapettah New Ward No.115 Peters Road T.N.H.B. Quarters 256 Block 11 Royapettah New Ward No.115 Peters Road T.N.H.B.Quarters 254 Block 12 Royapettah New Ward No.115 Peters Road T.N.H.B.Quarters 252 Block 13 Royapettah New Ward No.115 Peters Road T.N.H.B.Quarters 244 Block 14 Royapettah New Ward No.115 Peters Road T.N.H.B.Quarters 242 Block 15 Royapettah New Ward No.115 Peters Road T.N.H.B.Quarters 238 Block 16 Royapettah New Ward No.115 peters Road t.n.h.b.quarters 234 block 17 Royapettah New Ward No.115 Rasul Umar Bagadhur 5th lane All Voters List of Polling Stations for 19 Chepauk-Thiruvallikeni (GEN) Assembly Segment within the 4 Chennai Central (GEN) Parliamentary Constituency Part No PS NO Location and name of building in which Polling Station located Polling Area Polling Station Type",,,
164,164,"Wesley Higher sec School West Facing Room no.1 (East Side and First Room) No.32, West Cott Road, Royapettah, Chennai-600014.",600014,1 Royapettah New Ward No.115 Perumal Mudhali Street 2 Royapettah New Ward No.115 Perumal Mudali Road,All Voters
165,165,"Wesley Higher sec School West Facing Room no.2 (East Side and First Room) No.32, West Cott Road, Royapettah, Chennai-600014.",600014,1 Royapettah New Ward No.115 West Cott Road 2 Royapettah New Ward No.115 West Guard Road (Rams Flats) 3 Royapettah New Ward No.115 Ramasamy Thotta Street 4 Royapettah New Ward No.115 C.S.Duraiswami Colony street 5 Royapettah New Ward No.115 Ameer Mahal Road,All Voters
166,166,"Immaculate Heart of Mary Matriculation School (LKG - A Room no.1 East Facing No.11, Mohammed Hussain Street, Royapettah, Chennai-600014",600014,1 Royapettah New Ward No.115 Nayar Varadha Pillai Street 2 Royapettah New Ward No.115 Mohamed Usen Lane,All Voters
167,167,"Immaculate Heart of Mary Matriculation School (LKG - A Room no.2 West Facing No.11, Mohammed Hussain Street, Royapettah, Chennai-600014",600014,1 Royapettah New Ward No.115 Meer Bakshiali Street 2 Overseas,All Voters
168,168,"Immaculate Heart of Mary Matriculation School (LKG - A Room no.3 North Facing No.11, Mohammed Hussain Street, Royapettah, Chennai-600014",600014,1 Royapettah New Ward No.115 Thalaiyari Street 2 Royapettah New Ward No.115 Somu Street 3 Royapettah New Ward No.115 Mohamed Usen Street,All Voters
169,169,"Immaculate Heart of Mary Matriculation School (LKG - A Rooom 4 East Facing No.11, Mohammed Hussain Street, Royapettah, Chennai-600014",600014,1 Royapettah New Ward No.115 Nayar Ayyapillai Street 2 Royapettah New Ward No.115 Feroze Street,All Voters
170,170,"St. Johns Middle School, (7th Std) South Facing Room no.1 6, Erusappan Street, Royapettah, Ch-14"" 1 Royapettah New Ward No.115 johny john khan Road Door No 1 to 145 2 Overseas",,,All Voters
171,171,"St. Johns Middle School, (7th Std)Room no.2 6, Erusappan Street, Royapettah, Ch-14"" 1 Royapettah New Ward No.115 John John Khan Road 5th Lane 2 Royapettah New Ward No.115 Johny Jhon Khan Road 4th Lane 3 Royapettah New Ward No.115 Erusappan Street 4 Royapettah New Ward No.115 Johny John Khan Road 2nd Lane 5 Royapettah New Ward No.115 Johny John Khan Road 3rd Lane 6 Royapettah New Ward No.115 manicka mesthiri street 7 Overseas",,,All Voters
172,172,"Dispensary Center South Facing Room no.1 ,Mirza Hyder Alikhan Street Royapettah, Ch-14"" 1 Royapettah New Ward No.115 Mahdhi Hussain Khan Bagadhur Street 2 Royapettah New Ward No.115 mirza gulam Hussainalikhan Street 3 Royapettah New Ward No.115 Mirza Gulam Ezhan Ali Khan Street 4 Royapettah New Ward No.115 johny john khan Road Door No 146 to 180 5 Overseas All Voters List of Polling Stations for 19 Chepauk-Thiruvallikeni (GEN) Assembly Segment within the 4 Chennai Central (GEN) Parliamentary Constituency Part No PS NO Location and name of building in which Polling Station located Polling Area Polling Station Type",,,
173,173,"Dispensary Center South Facing Room no.2 Mirza Hyder Alikhan Street Royapettah, Ch-600014",600014,1 Royapettah New Ward No.115 Sardar Jung Garden 1st Street 2 Royapettah New Ward No.115 Sardar Jung Garden 2nd Street 3 Royapettah New Ward No.115 sardar jung garden 3rd street 4 Hussain Nagar 1st Street 5 Overseas,All Voters
174,174,"T.U.C.S Shop East Facing Room no.1, Mirza Hyder Alikhan Street Royapettah, Ch-600014",600014,1 Royapettah New Ward No.115 Usen Nagar 2nd Street 2 Royapettah New Ward No.115 Hussain Nagar 3rd Street 3 Royapettah New Ward No.115 Hussain Nagar 5th Street 4 Royapettah New Ward No.115 Hussain Alikhan Street 5 Royapettah New Ward No.115 Hussain Alikhan 1st Street 6 Royapettah New Ward No.115 Hussain Alikhan 2nd Street,All Voters
175,175,"T.U.C.S Shop East Facing Room no 2, Mirza Hyder Alikhan Street Royapettah, Ch-600014",600014,1 Royapettah New Ward No.115 mirza hyderalikhan street 2 Royapettah New Ward No.115 Sardar Jung Garden Kulakarai Street 3 Royapettah New Ward No.115 Hussain Nagar 4th Street,All Voters
176,176,"Chennai Middle School South Facing/ Room no.1 Old Building (ABL Class 3rd And 4th Std) , No 25 Begam Street, Royapettah, Chennai-14"" 1 Royapettah New Ward No.119 Begum Street, 2 Royapettah New Ward No.119 Begum 4th Street, 3 Royapettah New Ward No.119 Begum 5th Street,",,,All Voters
177,177,"Chennai Middle School South Facing/ Room no.2 Old Building (ABL Class 3rd And 4th Std) ,No 25 Begam Street, Royapettah, Chennai-14"" 1 Royapettah New Ward No.119 Tippu Street 2 Royapettah New Ward No.119 Vathiyar Chinna Street, 3 Overseas",,,All Voters
178,178,"Chennai Middle School East Facing/ Room no.3.Old Building (ABL Class 3rd And 4th Std) ,No 25 Begam Street, Royapettah, Chennai-14"" 1 Royappettah New Ward No.119 Begum 2nd Street 2 Royapettah New Ward No.119 Begum 3rd Street, 3 Royapettah New Ward No.119 Begum 1st Street",,,All Voters
179,179,"St.Williams Anglo Indian High School East Facing/Room no.1 Old Building No. 29, Peters Road, Royapettah, Chennai-600014",600014,"1 Royapettah New Ward No.119 Nallanna Street, 2 Royapettah New Ward No.119 Nallanna Lane,",All Voters
180,180,"St.Williams Anglo Indian High School West Facing/Room no 2 Old Building No. 29, Peters Road, Royapettah, Chennai-600014",600014,"1 Royapettah New Ward No.119 Ayyamperumal Street, 2 Royapettah New Ward No.119 Petters Road 1 to 73 & 2 to 24",All Voters
181,181,"St.Williams Anglo Indian High School East Facing/ Room no.3 Old Building No. 29, Peters Road, Royapettah, Chennai-600014",600014,"1 Royapettah New Ward No.119 Chanda Streeet, 2 Royapettah New Ward No.119 Andi Street, 3 Royapettah New Ward No.119 Anthony Street, 4 Royapettah New Ward No.119 Leonard Street, All Voters List of Polling Stations for 19 Chepauk-Thiruvallikeni (GEN) Assembly Segment within the 4 Chennai Central (GEN) Parliamentary Constituency Part No PS NO Location and name of building in which Polling Station located Polling Area Polling Station Type",
182,182,"St.Williams Anglo Indian High School East Facing/ Room no.6 Old Building No. 29, Peters Road, Royapettah, Chennai-600014",600014,"1 Royapettah New Ward No.119 Kasim Street, 2 Royapettah New Ward No.119 Vasanth Appartments (Vengatachala Street), 3 Royapettah New Ward No.119 Venkatachalm 2nd Lane, 4 Royapettah New Ward No.119 Muthurusha Begum Petta Street, 1 To 30",All Voters
183,183,"Chennai Urdu Girls Middle School North Facing/Old Building Room no.1 No 10, Peters Road, Royapettah, Chennai-14"" 1 Royapettah New Ward No.119 vengatachala street (new no.1 to 90)",,,All Voters
184,184,"St.Williams Anglo Indian High School East Facing/ Room no.4 Old Building No. 29, Peters Road, Royapettah, Chennai-600014",600014,1 Royapettah New Ward No.119 vengatachala street (new no.91 to 172) 2 Overseas,All Voters
185,185,"St.Williams Anglo Indian High School East Facing/ Room no.5 Old Building No. 29, Peters Road, Royapettah, Chennai-600014",600014,"1 Royapettah New Ward No.119 Muthurusha Begum Petta Street, Door No 31 to 55 2 Royapettah New Ward No.119 pooram prakasham street, 3 Overseas",All Voters
186,186,"Chennai Middle School East Facing/ Room no.1 Old Building No. 10, Balaji Nagar 3rd Street, Royapettah, Chennai-14"" 1 Royapettah New Ward No.119 balaji nagar 2nd street, 2 Royapettah New Ward No.119 Rama Rao Garden 1st Street, 3 Royapettah New Ward No.119 rama rao garden 2nd street,",,,All Voters
187,187,"Chennai Middle School East Facing Facing/ Room no.2 Old Building No. 10, Balaji Nagar 3rd Street, Royapettah, Chennai-14"" 1 Royapettah New Ward No.119 Balaji Nagar 1st Street, 2 Royapettah New Ward No.119 Rama Rao Garden 3rd Street, 3 Royapettah New Ward No.119 Hanumantha Rao Street (Lloyds Road 2nd Street), 4 Overseas",,,All Voters
188,188,"Chennai Middle School East Facing Room no3. No. 10, Balaji Nagar 3rd Street, Royapettah, Chennai-14"" 1 Royapettah New Ward No.119 Anna Street, 2 Royapettah New Ward No.119 Thiruvalluvar Street, 3 Royapettah New Ward No.119 Kuppusamy Street, 4 Royapettah New Ward No.119 Kamaraj Street,",,,All Voters
189,189,"Chennai Middle School East Facing Room no 4. No. 10, Balaji Nagar 3rd Street, Royapettah, Chennai-14"" 1 Royapettah New Ward No.119 Masilamani Road (Lloyds Road 1st Street) 2 Royapettah New Ward No.119 Balaji Nagar 3rd Street, 3 Royapettah New Ward No.119 Balaji Nagar 4th Street, 4 Royapettah New Ward No.119 Kalingarayan Street, 5 Royapettah New Ward No.119 Periyar Street, All Voters List of Polling Stations for 19 Chepauk-Thiruvallikeni (GEN) Assembly Segment within the 4 Chennai Central (GEN) Parliamentary Constituency Part No PS NO Location and name of building in which Polling Station located Polling Area Polling Station Type",,,
190,190,"CSI St.Ebbas Matric Higher Sec School South Facing/ Room no.1 Old Building No. 60, Dr. Rathakrishnan Road, Mylapore, Chennai-600004",600004,1 Mylapore New Ward No.119 KattuKoil Garden Door No 11 to 83 2 Mylapore New Ward No.119 Musiri Suburamaniyam Road (Oliver Road) 3 Overseas,All Voters
191,191,"Sri Venkateshwara Matriculation School East Facing/ Old Building Room no.1 No. 15, Gaudya Mutt Road, Royapettah,Chennai-14"" 1 Royapettah New Ward No.119 Gowdiya Mutt Road Door No 1to 115",,,All Voters
192,192,"Sri Venkateshwara Matriculation School East Facing/ Old Building Room no.2 No. 15, Gaudya Mutt Road, Royapettah,Chennai-14"" 1 Royapettah New Ward No.119 Palaiyathan Street (Mylaporan Street) 2 Royapettah New Ward No.119 Sri Lalithapuram Street 3 Royapettah New Ward No.119 t.tK. Road (moubrays salai) (1 to 37 & 2 to 168) 4 Royapettah New Ward No.119 Gowdiya Mutt Road Door No 116 to 128",,,All Voters
193,193,"Indian Officers Association Student Hostel South Facing/ Room no.1 Old Building No. 35, Royapettah High Road, Royapettah, Chennai-600014",600014,"1 Royapettah New Ward No.119 avvaishanmugam Road (lloyds Road) ( 81 to 89 & 78 to 260) 2 Royapettah New Ward No.119 Vasanth Appartments (Sri Krishnapuram), 3 Royapettah New Ward No.119 Sripuram 2nd Street, 4 Overseas",All Voters
194,194,"Indian Officers Association Student Hostel South Facing/ Room no.2 Old Building No. 35, Royapettah High Road, Royapettah, Chennai-600014",600014,"1 Royapettah New Ward No.119 Merlyn Appts (Avvai Shanmugam Road) 2 Royapettah New Ward No.119 Gokul Flats (Avvai Shanmugam Road) 3 Royapettah New Ward No.119 Ashoks Swetha (Avvai Shanmugam Road), 4 Royapettah New Ward No.119 Srijis (Avvai Shanmugam Road), 5 Royapettah New Ward No.119 Lakshmi Appartments (Avvai Shanmugam Road), 6 Royapettah New Ward No.119 Kandhasamy lane. 7 Royapettah New Ward No.119 Sripuram Lane. 8 Royapettah New Ward No.119 Villa Classic, 9 Royapettah New Ward No.119 Shanthi Appartments (Sri krishnapuram), 10 Royapettah New Ward No.119 Lakshmipuram 1st Street, 11 Royapettah New Ward No.119 Lakshmipuram 2nd Street 12 Royapettah New Ward No.119 Sri Krishnapuram Street, 13 Royapettah New Ward No.119 Lakshmipuram 3rd Street, All Voters List of Polling Stations for 19 Chepauk-Thiruvallikeni (GEN) Assembly Segment within the 4 Chennai Central (GEN) Parliamentary Constituency Part No PS NO Location and name of building in which Polling Station located Polling Area Polling Station Type",
195,195,"Indian Officers Association Student Hostel South Facing/ Room no.3 Old Building No. 35, Royapettah High Road, Royapettah, Chennai-600014",600014,"1 Royapettah New Ward No.119 Thiru Vi Ka Road (Rayapettah High Road) (New No 1 to 89 & 2 to 216) 2 Royapettah New Ward No.119 Gangaiamman Koil Street, 3 Royapettah New Ward No.119 Gangaiamman Koil Lane, 4 Overseas",All Voters
196,196,"Music Academy South Facing/ Old Building Room no.1 T.TK Road, Royapettah, Chennai-14"" 1 Royapettah New Ward No.119 Avvaishanmugam 1st Lane, 2 Royapettah New Ward No.119 Mahalakshmi Flats, 3 Royapettah New Ward No.119 Appakannu Street, 4 Royapettah New Ward No.119 Appakannu Lane, 5 Royapettah New Ward No.119 Avvaishanmugam Road 2nd Lane, 6 Royapettah New Ward No.119 Lakshmipuram Street, 7 Royapettah New Ward No.119 Sannathi Street, 8 Royapettah New Ward No.119 Deivasikamani Street, 9 Royapettah New Ward No.119 Sripuram 1st street 10 Overseas",,,All Voters
197,197,"CSI St.Ebbas Matric Higher Sec School South Facing/ Old Building Room no.2 No. 60, Dr. Rathakrishnan Road, Mylapore, Chennai-600004",600004,"1 Mylapore New Ward No.119 Dr. Radhakrishnan Road (107 to 121 & 124 to 148), 2 Mylapore New Ward No.119 Dr. Radhakrishnan Road 6th Street, 3 Mylapore New Ward No.119 Sivasami Road, 4 Mylapore New Ward No.119 C.I.T Colony 1st cross street, 5 Mylapore New Ward No.119 C.I.T. Colony 1st Main Road 6 Mylapore New Ward No.119 C.I.T. Colony 2nd main Road, 7 Mylapore New Ward No.119 Bishop Wallace Avenue(East), 8 Mylapore New Ward No.119 Bishop Wallace Avenue(West), 9 Mylapore New Ward No.119 Bishop Wallace Avenue(South) 10 Mylapore New Ward No.119 KattuKoil Garden Door No1 to 10 11 Overseas",All Voters
198,198,"CSI St.Ebbas Matric Higher Sec School South Facing/ Old Building Room no.3 No. 60, Dr. Rathakrishnan Road, Mylapore, Chennai-600004",600004,"1 Mylapore New Ward No.119 C.I.T. Colony 2nd Cross Street, 2 Mylapore New Ward No.119 C.I.T. Colony 3rd Cross Street, 3 Mylapore New Ward No.119 C.I.T. Colony 4th Cross Street, 4 Mylapore New Ward No.119 C.I.T. Colony 5th Cross Street, 5 Mylapore New Ward No.119 C.I.T.Colony 6th Cross Street, 6 Mylapore New Ward No.119 C.I.T.Colony 1st Link Street, 7 Mylapore New Ward No.119 C.I.T. Colony 2nd Link Street, 8 Mylapore New Ward No.119 C.I.T. Colony Loop Street, 9 Mylopore New Ward No.119 Judge Jambulingam Road, 10 Overseas All Voters List of Polling Stations for 19 Chepauk-Thiruvallikeni (GEN) Assembly Segment within the 4 Chennai Central (GEN) Parliamentary Constituency Part No PS NO Location and name of building in which Polling Station located Polling Area Polling Station Type",
199,199,"Children Garden Girls Higher Sec School South Facing/ Room no.1 Old Building No. 2-4, Dr Radhakrishnan Salai,7 th street Mylapore,Chennai-4"" 1 Mylapore New Ward No.119 venkatachalam street (159 to 197 & 174 to 228) 2 Mylapore New Ward No.119 Vasanth Appartments, 3 Royapettah New Ward No.119 Jagathambal Colony 1st Street, 4 Royapettah New Ward No.119 teachers colony, 5 Royapettah New Ward No.119 Jagathambal Colony 2nd Street, 6 Mylapore New Ward No.119 Dr. Radhakrishnan Road 7th Street, 7 Mylapore New Ward No.119 Dr. Radhakrishnan Road 8th Street,",,,All Voters
200,200,"N.K. Thirumalaichariyar National Girls Higher Sec. School,West Facing Left Side/Room no.5 Old Building (Building-2 6/A) No. 21, Dr. Besant Road, Triplicane, Chennai - 600 005."" 1 Triplicane New Ward No.120 Venkatesapuram 1st street (Duraisami street) 2 Triplicane New Ward No.120 Venkatesapuram 4th street (Vannanmedu 1st street) 3 Triplicane New Ward No.120 E Depot Lane 4 Triplicane New Ward No.120 E Depot Street,",,,All Voters
201,201,"N.K. Thirumalaichariyar National Girls Higher Sec. School,West Facing Left Side/Room no.6 Old Building (Building-2 6/A) No. 21, Dr. Besant Road, Triplicane, Chennai - 600 005."" 1 Triplicane New Ward No.120 Venkatasamy Street, 2 Triplicane New Ward No.120 Venkatasamy Lane,",,,All Voters
202,202,"N.K. Thirumalaichariyar National Girls Higher Sec. School, Room no.7 (Building-2 6/A) No. 21, Dr. Besant Road, Triplicane, Chennai - 600 005. West Facing Left Side/Old Building "" 1 Triplicane New Ward No.120 venkatesapuram 2nd street 2 Triplicane New Ward No.120 Venkatesapuram 3rd Street,",,,All Voters
203,203,"Corporation Technical Institute East Facing/Old Building Room no.1 Lloyds Estate, Royapettah, Chennai-600014",600014,"1 Triplicane New Ward No.120 Sudhanthira Nagar 1st Street, 2 Triplicane New Ward No.120 sudhanthira nagar 4th street, 3 Royapettah New Ward No.119 Chellammal Garden 2nd Street,",All Voters
204,204,"Corporation Technical Institute East Facing/Old Building Room no.2 Lloyds Estate, Royapettah, Chennai-600014",600014,"1 Triplicane New Ward No.120 Sudhanthira Nagar 2nd Street, 2 Triplicane New Ward No.120 Sudhanthira Nagar 3rd Street, 3 Royapettah New Ward No.120 Chellammal Garden 1st Street,",All Voters
205,205,"Corporation Technical Institute East Facing/Old Building Room no.3 Lloyds Estate, Royapettah,Chennai-600014",600014,"1 Royapettah New Ward No.120 Muthiah Garden Street, Door No 26 to 78 2 Royapettah New Ward No.120 Muthiah Garden Huts Area, All Voters List of Polling Stations for 19 Chepauk-Thiruvallikeni (GEN) Assembly Segment within the 4 Chennai Central (GEN) Parliamentary Constituency Part No PS NO Location and name of building in which Polling Station located Polling Area Polling Station Type",
